order_id,customer_id,ordered_at,status,currency
1,228,2024-01-01T17:06:00,completed,USD
2,47,2024-01-01T12:41:00,returned,USD
3,65,2024-01-01T12:04:00,cancelled,USD
4,2,2024-01-01T10:08:00,completed,USD
5,166,2024-01-01T11:16:00,completed,USD
6,270,2024-01-01T08:30:00,completed,USD
7,155,2024-01-01T06:03:00,shipped,USD
8,76,2024-01-01T10:17:00,completed,USD
9,59,2024-01-01T12:27:00,returned,USD
10,131,2024-01-01T10:43:00,completed,USD
11,31,2024-01-01T16:42:00,cancelled,USD
12,27,2024-01-01T15:22:00,completed,USD
13,80,2024-01-01T21:14:00,returned,USD
14,59,2024-01-01T13:51:00,completed,USD
15,159,2024-01-01T17:00:00,completed,USD
16,73,2024-01-01T06:05:00,returned,USD
17,160,2024-01-01T16:49:00,returned,USD
18,81,2024-01-01T07:43:00,cancelled,USD
19,249,2024-01-01T20:26:00,cancelled,USD
20,250,2024-01-01T15:02:00,cancelled,USD
21,71,2024-01-02T15:20:00,completed,USD
22,90,2024-01-02T18:34:00,completed,USD
23,224,2024-01-02T20:58:00,completed,USD
24,220,2024-01-02T18:45:00,cancelled,USD
25,46,2024-01-02T09:15:00,shipped,USD
26,262,2024-01-02T09:33:00,returned,USD
27,121,2024-01-02T10:16:00,completed,USD
28,91,2024-01-02T21:29:00,returned,USD
29,141,2024-01-02T07:22:00,cancelled,USD
30,20,2024-01-02T17:53:00,completed,USD
31,284,2024-01-02T07:28:00,returned,USD
32,231,2024-01-02T16:45:00,completed,USD
33,21,2024-01-02T20:28:00,completed,USD
34,27,2024-01-02T16:04:00,returned,USD
35,42,2024-01-02T10:58:00,cancelled,USD
36,169,2024-01-02T22:05:00,completed,USD
37,40,2024-01-03T09:32:00,completed,USD
38,68,2024-01-03T18:09:00,cancelled,USD
39,23,2024-01-03T17:43:00,shipped,USD
40,120,2024-01-03T13:19:00,cancelled,USD
41,83,2024-01-03T10:55:00,completed,USD
42,64,2024-01-03T08:48:00,completed,USD
43,114,2024-01-03T17:59:00,shipped,USD
44,258,2024-01-03T13:24:00,completed,USD
45,164,2024-01-03T16:50:00,completed,USD
46,241,2024-01-03T06:57:00,shipped,USD
47,77,2024-01-03T22:27:00,cancelled,USD
48,155,2024-01-03T07:15:00,completed,USD
49,124,2024-01-03T10:18:00,returned,USD
50,270,2024-01-03T22:50:00,cancelled,USD
51,199,2024-01-03T14:47:00,completed,USD
52,54,2024-01-04T16:08:00,cancelled,USD
53,90,2024-01-04T20:44:00,returned,USD
54,162,2024-01-04T22:25:00,completed,USD
55,224,2024-01-04T20:57:00,shipped,USD
56,41,2024-01-04T11:34:00,shipped,USD
57,219,2024-01-04T20:22:00,completed,USD
58,187,2024-01-04T11:01:00,cancelled,USD
59,121,2024-01-04T17:23:00,returned,USD
60,71,2024-01-04T17:25:00,cancelled,USD
61,288,2024-01-04T14:49:00,completed,USD
62,38,2024-01-04T11:57:00,shipped,USD
63,90,2024-01-04T22:14:00,completed,USD
64,253,2024-01-04T17:35:00,completed,USD
65,270,2024-01-04T19:52:00,shipped,USD
66,231,2024-01-04T22:22:00,shipped,USD
67,258,2024-01-04T09:33:00,completed,USD
68,266,2024-01-05T08:16:00,completed,USD
69,274,2024-01-05T22:41:00,completed,USD
70,173,2024-01-05T07:52:00,cancelled,USD
71,136,2024-01-05T12:49:00,returned,USD
72,153,2024-01-05T08:44:00,shipped,USD
73,248,2024-01-05T12:21:00,shipped,USD
74,67,2024-01-05T22:35:00,completed,USD
75,63,2024-01-05T20:15:00,completed,USD
76,128,2024-01-05T16:59:00,completed,USD
77,12,2024-01-05T18:32:00,completed,USD
78,147,2024-01-05T06:54:00,cancelled,USD
79,188,2024-01-05T17:02:00,shipped,USD
80,144,2024-01-05T09:08:00,cancelled,USD
81,286,2024-01-05T10:12:00,completed,USD
82,264,2024-01-05T16:59:00,completed,USD
83,273,2024-01-05T15:30:00,shipped,USD
84,214,2024-01-05T15:50:00,cancelled,USD
85,297,2024-01-05T13:46:00,cancelled,USD
86,195,2024-01-06T13:02:00,completed,USD
87,161,2024-01-06T10:26:00,shipped,USD
88,71,2024-01-06T12:35:00,cancelled,USD
89,280,2024-01-06T14:39:00,completed,USD
90,163,2024-01-06T17:35:00,shipped,USD
91,75,2024-01-06T07:18:00,completed,USD
92,246,2024-01-06T12:52:00,completed,USD
93,125,2024-01-06T22:14:00,completed,USD
94,52,2024-01-06T10:00:00,returned,USD
95,148,2024-01-06T15:41:00,completed,USD
96,119,2024-01-06T07:58:00,cancelled,USD
97,96,2024-01-06T15:56:00,returned,USD
98,55,2024-01-07T15:29:00,completed,USD
99,132,2024-01-07T11:00:00,returned,USD
100,219,2024-01-07T16:05:00,cancelled,USD
101,229,2024-01-07T16:19:00,completed,USD
102,121,2024-01-07T09:29:00,completed,USD
103,189,2024-01-07T13:14:00,cancelled,USD
104,213,2024-01-07T21:48:00,returned,USD
105,229,2024-01-07T17:04:00,cancelled,USD
106,104,2024-01-07T10:10:00,cancelled,USD
107,47,2024-01-07T20:51:00,cancelled,USD
108,213,2024-01-07T07:35:00,shipped,USD
109,177,2024-01-07T08:34:00,returned,USD
110,17,2024-01-07T19:11:00,completed,USD
111,193,2024-01-08T10:41:00,completed,USD
112,12,2024-01-08T20:43:00,completed,USD
113,17,2024-01-08T19:39:00,returned,USD
114,52,2024-01-08T07:28:00,cancelled,USD
115,206,2024-01-08T13:34:00,shipped,USD
116,295,2024-01-08T16:15:00,completed,USD
117,90,2024-01-08T19:35:00,returned,USD
118,95,2024-01-08T21:15:00,cancelled,USD
119,288,2024-01-08T19:35:00,shipped,USD
120,231,2024-01-08T08:34:00,completed,USD
121,21,2024-01-08T12:51:00,completed,USD
122,98,2024-01-08T09:47:00,returned,USD
123,239,2024-01-08T17:19:00,cancelled,USD
124,190,2024-01-08T19:02:00,completed,USD
125,297,2024-01-08T19:18:00,returned,USD
126,256,2024-01-08T16:16:00,cancelled,USD
127,31,2024-01-08T07:53:00,cancelled,USD
128,4,2024-01-08T10:53:00,shipped,USD
129,234,2024-01-08T07:39:00,completed,USD
130,147,2024-01-09T22:52:00,completed,USD
131,182,2024-01-09T18:05:00,completed,USD
132,17,2024-01-09T18:24:00,completed,USD
133,49,2024-01-09T07:14:00,cancelled,USD
134,39,2024-01-09T14:57:00,returned,USD
135,107,2024-01-09T10:48:00,cancelled,USD
136,41,2024-01-09T17:03:00,cancelled,USD
137,175,2024-01-09T18:49:00,cancelled,USD
138,193,2024-01-09T11:43:00,shipped,USD
139,200,2024-01-09T17:06:00,completed,USD
140,185,2024-01-09T09:08:00,completed,USD
141,286,2024-01-09T22:26:00,cancelled,USD
142,284,2024-01-09T16:55:00,completed,USD
143,87,2024-01-09T14:19:00,completed,USD
144,40,2024-01-09T14:15:00,completed,USD
145,169,2024-01-09T16:27:00,shipped,USD
146,161,2024-01-09T18:20:00,completed,USD
147,187,2024-01-09T12:37:00,completed,USD
148,225,2024-01-09T08:52:00,completed,USD
149,38,2024-01-09T21:37:00,shipped,USD
150,128,2024-01-09T17:10:00,returned,USD
151,221,2024-01-10T06:06:00,completed,USD
152,201,2024-01-10T22:09:00,shipped,USD
153,179,2024-01-10T16:29:00,completed,USD
154,232,2024-01-10T08:19:00,completed,USD
155,12,2024-01-10T09:43:00,completed,USD
156,82,2024-01-10T19:29:00,completed,USD
157,203,2024-01-10T12:28:00,completed,USD
158,101,2024-01-10T09:16:00,shipped,USD
159,89,2024-01-10T15:58:00,returned,USD
160,61,2024-01-10T15:07:00,completed,USD
161,71,2024-01-10T18:27:00,cancelled,USD
162,285,2024-01-10T21:18:00,completed,USD
163,5,2024-01-10T10:12:00,shipped,USD
164,290,2024-01-10T13:18:00,completed,USD
165,148,2024-01-10T20:36:00,completed,USD
166,280,2024-01-10T19:06:00,completed,USD
167,225,2024-01-10T13:13:00,completed,USD
168,106,2024-01-10T17:34:00,completed,USD
169,49,2024-01-11T19:58:00,completed,USD
170,68,2024-01-11T10:45:00,completed,USD
171,193,2024-01-11T08:40:00,shipped,USD
172,189,2024-01-11T21:20:00,shipped,USD
173,235,2024-01-11T17:54:00,returned,USD
174,112,2024-01-11T12:31:00,shipped,USD
175,25,2024-01-11T09:40:00,completed,USD
176,82,2024-01-11T08:41:00,completed,USD
177,120,2024-01-11T08:45:00,shipped,USD
178,40,2024-01-11T13:33:00,completed,USD
179,46,2024-01-11T09:06:00,returned,USD
180,5,2024-01-11T11:28:00,cancelled,USD
181,45,2024-01-11T10:48:00,completed,USD
182,180,2024-01-11T16:50:00,shipped,USD
183,146,2024-01-11T06:54:00,returned,USD
184,123,2024-01-11T18:07:00,shipped,USD
185,185,2024-01-11T10:24:00,completed,USD
186,21,2024-01-11T18:32:00,completed,USD
187,275,2024-01-11T10:17:00,cancelled,USD
188,105,2024-01-11T16:25:00,completed,USD
189,123,2024-01-11T13:05:00,completed,USD
190,84,2024-01-12T17:33:00,shipped,USD
191,220,2024-01-12T22:04:00,completed,USD
192,291,2024-01-12T17:10:00,completed,USD
193,2,2024-01-12T06:15:00,completed,USD
194,77,2024-01-12T07:35:00,completed,USD
195,27,2024-01-12T13:51:00,completed,USD
196,145,2024-01-12T16:05:00,completed,USD
197,253,2024-01-12T13:09:00,completed,USD
198,120,2024-01-12T17:40:00,cancelled,USD
199,158,2024-01-12T12:33:00,completed,USD
200,48,2024-01-12T13:57:00,completed,USD
201,291,2024-01-12T19:42:00,completed,USD
202,168,2024-01-12T20:17:00,completed,USD
203,55,2024-01-13T20:29:00,completed,USD
204,62,2024-01-13T11:51:00,completed,USD
205,183,2024-01-13T22:03:00,shipped,USD
206,49,2024-01-13T09:51:00,shipped,USD
207,102,2024-01-13T17:43:00,shipped,USD
208,39,2024-01-13T08:12:00,completed,USD
209,255,2024-01-14T18:43:00,completed,USD
210,126,2024-01-14T15:31:00,returned,USD
211,128,2024-01-14T06:24:00,returned,USD
212,93,2024-01-14T16:38:00,completed,USD
213,184,2024-01-14T13:10:00,cancelled,USD
214,137,2024-01-14T07:48:00,cancelled,USD
215,122,2024-01-14T16:51:00,cancelled,USD
216,289,2024-01-14T21:34:00,completed,USD
217,270,2024-01-14T06:21:00,shipped,USD
218,31,2024-01-14T10:37:00,completed,USD
219,203,2024-01-15T09:21:00,cancelled,USD
220,288,2024-01-15T17:14:00,returned,USD
221,294,2024-01-15T07:11:00,shipped,USD
222,170,2024-01-15T08:15:00,returned,USD
223,108,2024-01-15T08:22:00,completed,USD
224,212,2024-01-15T18:22:00,shipped,USD
225,11,2024-01-15T14:06:00,completed,USD
226,83,2024-01-15T08:35:00,returned,USD
227,248,2024-01-15T06:27:00,returned,USD
228,106,2024-01-15T19:44:00,completed,USD
229,252,2024-01-15T07:23:00,completed,USD
230,246,2024-01-15T09:01:00,completed,USD
231,158,2024-01-15T21:31:00,shipped,USD
232,96,2024-01-15T07:16:00,shipped,USD
233,278,2024-01-15T13:35:00,shipped,USD
234,215,2024-01-15T21:36:00,cancelled,USD
235,258,2024-01-15T22:51:00,cancelled,USD
236,65,2024-01-15T19:05:00,completed,USD
237,283,2024-01-16T14:33:00,completed,USD
238,299,2024-01-16T09:36:00,completed,USD
239,177,2024-01-16T14:24:00,shipped,USD
240,20,2024-01-16T16:44:00,shipped,USD
241,11,2024-01-16T15:19:00,completed,USD
242,165,2024-01-16T19:38:00,completed,USD
243,209,2024-01-16T21:48:00,returned,USD
244,207,2024-01-16T22:56:00,completed,USD
245,30,2024-01-16T07:29:00,completed,USD
246,141,2024-01-16T20:32:00,completed,USD
247,283,2024-01-16T17:10:00,completed,USD
248,110,2024-01-16T13:43:00,completed,USD
249,243,2024-01-16T11:38:00,completed,USD
250,157,2024-01-16T14:27:00,returned,USD
251,300,2024-01-16T06:32:00,completed,USD
252,33,2024-01-16T14:40:00,completed,USD
253,124,2024-01-16T18:42:00,completed,USD
254,199,2024-01-16T07:37:00,returned,USD
255,184,2024-01-16T15:54:00,cancelled,USD
256,66,2024-01-17T14:46:00,returned,USD
257,158,2024-01-17T16:23:00,shipped,USD
258,298,2024-01-17T08:30:00,cancelled,USD
259,28,2024-01-17T10:12:00,completed,USD
260,171,2024-01-17T11:20:00,returned,USD
261,108,2024-01-17T11:31:00,completed,USD
262,220,2024-01-17T19:30:00,shipped,USD
263,128,2024-01-17T17:19:00,completed,USD
264,34,2024-01-17T15:18:00,completed,USD
265,97,2024-01-17T18:01:00,completed,USD
266,259,2024-01-17T09:23:00,completed,USD
267,274,2024-01-17T07:38:00,cancelled,USD
268,25,2024-01-17T09:26:00,returned,USD
269,267,2024-01-17T10:26:00,completed,USD
270,61,2024-01-17T09:50:00,completed,USD
271,103,2024-01-17T22:12:00,completed,USD
272,170,2024-01-17T06:00:00,completed,USD
273,253,2024-01-17T08:49:00,completed,USD
274,132,2024-01-17T13:29:00,returned,USD
275,161,2024-01-17T09:06:00,shipped,USD
276,184,2024-01-18T14:56:00,shipped,USD
277,59,2024-01-18T18:29:00,shipped,USD
278,82,2024-01-18T19:58:00,completed,USD
279,248,2024-01-18T09:56:00,shipped,USD
280,290,2024-01-18T16:33:00,completed,USD
281,247,2024-01-18T18:09:00,completed,USD
282,259,2024-01-18T21:55:00,shipped,USD
283,26,2024-01-18T13:35:00,cancelled,USD
284,255,2024-01-18T06:06:00,returned,USD
285,288,2024-01-18T20:21:00,completed,USD
286,243,2024-01-18T17:45:00,returned,USD
287,55,2024-01-18T11:31:00,completed,USD
288,101,2024-01-18T09:59:00,completed,USD
289,64,2024-01-18T20:42:00,shipped,USD
290,222,2024-01-18T21:59:00,cancelled,USD
291,199,2024-01-18T16:32:00,returned,USD
292,263,2024-01-18T16:45:00,completed,USD
293,68,2024-01-18T11:32:00,returned,USD
294,274,2024-01-19T19:51:00,completed,USD
295,196,2024-01-19T07:42:00,completed,USD
296,147,2024-01-19T14:09:00,returned,USD
297,278,2024-01-19T17:52:00,completed,USD
298,25,2024-01-19T18:26:00,shipped,USD
299,189,2024-01-19T12:49:00,cancelled,USD
300,89,2024-01-19T22:07:00,returned,USD
301,80,2024-01-19T10:59:00,completed,USD
302,184,2024-01-19T16:33:00,completed,USD
303,213,2024-01-19T18:05:00,cancelled,USD
304,244,2024-01-19T06:07:00,cancelled,USD
305,196,2024-01-19T18:16:00,completed,USD
306,99,2024-01-19T22:05:00,completed,USD
307,4,2024-01-19T08:13:00,returned,USD
308,276,2024-01-19T19:41:00,returned,USD
309,13,2024-01-19T16:02:00,shipped,USD
310,129,2024-01-19T08:36:00,cancelled,USD
311,222,2024-01-19T06:24:00,completed,USD
312,33,2024-01-19T07:44:00,returned,USD
313,149,2024-01-19T15:38:00,returned,USD
314,203,2024-01-19T06:30:00,returned,USD
315,152,2024-01-19T10:19:00,returned,USD
316,202,2024-01-19T08:19:00,cancelled,USD
317,83,2024-01-20T13:39:00,completed,USD
318,282,2024-01-20T15:42:00,completed,USD
319,298,2024-01-20T16:22:00,shipped,USD
320,36,2024-01-20T16:31:00,completed,USD
321,87,2024-01-20T16:15:00,completed,USD
322,170,2024-01-20T20:28:00,shipped,USD
323,72,2024-01-21T12:16:00,cancelled,USD
324,260,2024-01-21T06:52:00,returned,USD
325,188,2024-01-21T13:57:00,shipped,USD
326,123,2024-01-21T11:48:00,cancelled,USD
327,248,2024-01-21T07:14:00,completed,USD
328,241,2024-01-21T07:02:00,shipped,USD
329,90,2024-01-21T18:23:00,shipped,USD
330,115,2024-01-21T18:22:00,cancelled,USD
331,264,2024-01-22T14:13:00,returned,USD
332,118,2024-01-22T16:46:00,shipped,USD
333,246,2024-01-22T11:41:00,completed,USD
334,29,2024-01-22T14:59:00,completed,USD
335,146,2024-01-22T12:28:00,completed,USD
336,136,2024-01-22T16:59:00,completed,USD
337,215,2024-01-22T09:11:00,completed,USD
338,277,2024-01-22T19:33:00,completed,USD
339,51,2024-01-22T10:16:00,shipped,USD
340,296,2024-01-22T09:33:00,cancelled,USD
341,162,2024-01-22T17:06:00,shipped,USD
342,217,2024-01-22T17:39:00,cancelled,USD
343,287,2024-01-22T21:16:00,cancelled,USD
344,83,2024-01-22T12:32:00,completed,USD
345,223,2024-01-23T08:16:00,completed,USD
346,206,2024-01-23T22:18:00,cancelled,USD
347,225,2024-01-23T12:54:00,completed,USD
348,185,2024-01-23T06:10:00,completed,USD
349,203,2024-01-23T12:33:00,shipped,USD
350,47,2024-01-23T15:46:00,cancelled,USD
351,3,2024-01-23T11:26:00,completed,USD
352,151,2024-01-23T09:51:00,completed,USD
353,125,2024-01-23T20:43:00,completed,USD
354,162,2024-01-23T17:33:00,shipped,USD
355,148,2024-01-23T18:43:00,completed,USD
356,94,2024-01-23T12:31:00,returned,USD
357,118,2024-01-23T13:53:00,completed,USD
358,22,2024-01-23T17:39:00,shipped,USD
359,296,2024-01-23T07:33:00,completed,USD
360,236,2024-01-23T06:00:00,completed,USD
361,133,2024-01-23T14:15:00,completed,USD
362,191,2024-01-23T18:17:00,completed,USD
363,222,2024-01-23T12:09:00,shipped,USD
364,265,2024-01-23T16:50:00,cancelled,USD
365,50,2024-01-24T16:16:00,shipped,USD
366,180,2024-01-24T12:36:00,returned,USD
367,250,2024-01-24T20:56:00,returned,USD
368,238,2024-01-24T10:55:00,returned,USD
369,208,2024-01-24T08:10:00,completed,USD
370,139,2024-01-24T17:47:00,shipped,USD
371,108,2024-01-24T18:06:00,completed,USD
372,28,2024-01-24T18:33:00,completed,USD
373,80,2024-01-24T18:19:00,completed,USD
374,68,2024-01-24T11:01:00,cancelled,USD
375,244,2024-01-24T14:35:00,shipped,USD
376,159,2024-01-24T21:34:00,completed,USD
377,134,2024-01-24T15:00:00,completed,USD
378,147,2024-01-24T06:44:00,shipped,USD
379,211,2024-01-24T19:25:00,cancelled,USD
380,135,2024-01-24T19:40:00,completed,USD
381,138,2024-01-24T12:54:00,shipped,USD
382,57,2024-01-24T20:39:00,returned,USD
383,53,2024-01-24T14:08:00,completed,USD
384,191,2024-01-24T07:21:00,shipped,USD
385,201,2024-01-25T21:11:00,completed,USD
386,128,2024-01-25T20:15:00,shipped,USD
387,267,2024-01-25T12:30:00,returned,USD
388,153,2024-01-25T17:56:00,completed,USD
389,58,2024-01-25T19:20:00,completed,USD
390,62,2024-01-25T13:00:00,shipped,USD
391,80,2024-01-25T08:15:00,completed,USD
392,31,2024-01-25T10:44:00,completed,USD
393,163,2024-01-25T17:51:00,cancelled,USD
394,225,2024-01-25T15:34:00,cancelled,USD
395,83,2024-01-25T22:09:00,completed,USD
396,10,2024-01-25T17:49:00,cancelled,USD
397,98,2024-01-25T21:49:00,cancelled,USD
398,57,2024-01-25T22:42:00,completed,USD
399,17,2024-01-25T09:31:00,completed,USD
400,270,2024-01-25T14:03:00,cancelled,USD
401,32,2024-01-25T19:52:00,completed,USD
402,40,2024-01-26T22:06:00,completed,USD
403,198,2024-01-26T12:33:00,completed,USD
404,213,2024-01-26T09:49:00,returned,USD
405,206,2024-01-26T16:42:00,cancelled,USD
406,282,2024-01-26T17:26:00,completed,USD
407,185,2024-01-26T20:25:00,shipped,USD
408,9,2024-01-26T10:56:00,cancelled,USD
409,284,2024-01-26T10:06:00,cancelled,USD
410,71,2024-01-26T17:56:00,completed,USD
411,292,2024-01-26T08:46:00,completed,USD
412,154,2024-01-26T18:05:00,completed,USD
413,223,2024-01-26T09:55:00,shipped,USD
414,28,2024-01-26T22:02:00,completed,USD
415,229,2024-01-26T22:05:00,cancelled,USD
416,43,2024-01-26T07:35:00,shipped,USD
417,203,2024-01-26T12:35:00,returned,USD
418,295,2024-01-26T09:42:00,completed,USD
419,227,2024-01-27T10:28:00,cancelled,USD
420,192,2024-01-27T08:07:00,completed,USD
421,148,2024-01-27T16:44:00,completed,USD
422,12,2024-01-27T12:47:00,completed,USD
423,248,2024-01-27T10:44:00,cancelled,USD
424,23,2024-01-27T11:03:00,completed,USD
425,199,2024-01-27T14:42:00,returned,USD
426,51,2024-01-27T21:55:00,completed,USD
427,235,2024-01-27T06:02:00,cancelled,USD
428,10,2024-01-28T17:22:00,completed,USD
429,285,2024-01-28T13:09:00,completed,USD
430,117,2024-01-28T13:36:00,shipped,USD
431,68,2024-01-28T10:37:00,completed,USD
432,70,2024-01-28T10:41:00,shipped,USD
433,95,2024-01-28T10:46:00,completed,USD
434,156,2024-01-29T14:09:00,shipped,USD
435,137,2024-01-29T13:38:00,cancelled,USD
436,69,2024-01-29T21:45:00,cancelled,USD
437,210,2024-01-29T14:26:00,completed,USD
438,91,2024-01-29T21:44:00,shipped,USD
439,161,2024-01-29T22:41:00,shipped,USD
440,234,2024-01-29T13:33:00,completed,USD
441,237,2024-01-29T19:18:00,completed,USD
442,238,2024-01-29T20:05:00,returned,USD
443,70,2024-01-29T19:20:00,shipped,USD
444,64,2024-01-29T09:45:00,completed,USD
445,195,2024-01-29T11:58:00,completed,USD
446,215,2024-01-29T15:46:00,completed,USD
447,256,2024-01-29T06:38:00,cancelled,USD
448,126,2024-01-29T14:39:00,cancelled,USD
449,19,2024-01-29T07:42:00,completed,USD
450,294,2024-01-29T11:29:00,cancelled,USD
451,219,2024-01-29T08:18:00,cancelled,USD
452,293,2024-01-29T22:05:00,returned,USD
453,182,2024-01-30T21:33:00,completed,USD
454,107,2024-01-30T19:26:00,cancelled,USD
455,109,2024-01-30T12:44:00,completed,USD
456,171,2024-01-30T18:46:00,completed,USD
457,170,2024-01-30T21:58:00,completed,USD
458,267,2024-01-30T16:35:00,completed,USD
459,182,2024-01-30T10:17:00,completed,USD
460,85,2024-01-30T18:11:00,cancelled,USD
461,17,2024-01-30T19:05:00,completed,USD
462,104,2024-01-30T20:32:00,completed,USD
463,79,2024-01-30T16:59:00,completed,USD
464,19,2024-01-30T18:45:00,shipped,USD
465,45,2024-01-30T20:56:00,completed,USD
466,12,2024-01-30T15:40:00,cancelled,USD
467,164,2024-01-30T09:17:00,shipped,USD
468,264,2024-01-30T12:34:00,completed,USD
469,37,2024-01-30T16:34:00,completed,USD
470,92,2024-01-30T20:39:00,returned,USD
471,68,2024-01-30T20:06:00,completed,USD
472,94,2024-01-30T16:50:00,returned,USD
473,88,2024-01-30T17:38:00,completed,USD
474,167,2024-01-30T08:50:00,cancelled,USD
475,247,2024-01-31T08:21:00,shipped,USD
476,176,2024-01-31T13:11:00,cancelled,USD
477,250,2024-01-31T20:20:00,completed,USD
478,158,2024-01-31T08:38:00,shipped,USD
479,168,2024-01-31T07:05:00,shipped,USD
480,76,2024-01-31T10:28:00,returned,USD
481,292,2024-01-31T15:58:00,returned,USD
482,190,2024-01-31T07:00:00,cancelled,USD
483,196,2024-01-31T18:27:00,shipped,USD
484,197,2024-01-31T19:09:00,completed,USD
485,250,2024-01-31T19:08:00,returned,USD
486,234,2024-01-31T19:39:00,returned,USD
487,182,2024-01-31T11:27:00,completed,USD
488,257,2024-01-31T19:59:00,completed,USD
489,41,2024-01-31T22:54:00,completed,USD
490,277,2024-02-01T15:39:00,cancelled,USD
491,6,2024-02-01T20:32:00,shipped,USD
492,289,2024-02-01T07:40:00,completed,USD
493,43,2024-02-01T22:04:00,completed,USD
494,90,2024-02-01T10:42:00,cancelled,USD
495,44,2024-02-01T10:53:00,completed,USD
496,28,2024-02-01T14:48:00,returned,USD
497,205,2024-02-01T15:30:00,shipped,USD
498,272,2024-02-01T06:18:00,shipped,USD
499,140,2024-02-01T14:17:00,completed,USD
500,201,2024-02-01T13:46:00,shipped,USD
501,5,2024-02-01T06:26:00,completed,USD
502,180,2024-02-01T15:16:00,completed,USD
503,112,2024-02-01T09:45:00,cancelled,USD
504,193,2024-02-01T11:57:00,returned,USD
505,151,2024-02-01T08:40:00,shipped,USD
506,199,2024-02-01T07:16:00,completed,USD
507,56,2024-02-01T19:13:00,completed,USD
508,53,2024-02-01T08:04:00,completed,USD
509,20,2024-02-01T18:17:00,returned,USD
510,252,2024-02-01T19:25:00,shipped,USD
511,197,2024-02-01T21:07:00,returned,USD
512,42,2024-02-01T15:41:00,shipped,USD
513,200,2024-02-02T17:31:00,completed,USD
514,98,2024-02-02T07:12:00,completed,USD
515,251,2024-02-02T08:50:00,shipped,USD
516,208,2024-02-02T12:51:00,completed,USD
517,10,2024-02-02T07:15:00,shipped,USD
518,234,2024-02-02T11:53:00,cancelled,USD
519,255,2024-02-02T13:04:00,cancelled,USD
520,280,2024-02-02T16:53:00,completed,USD
521,62,2024-02-02T10:48:00,completed,USD
522,193,2024-02-02T06:56:00,completed,USD
523,106,2024-02-02T14:33:00,completed,USD
524,179,2024-02-02T06:35:00,shipped,USD
525,277,2024-02-02T13:29:00,cancelled,USD
526,255,2024-02-02T11:42:00,completed,USD
527,146,2024-02-02T19:16:00,completed,USD
528,81,2024-02-02T21:32:00,completed,USD
529,297,2024-02-02T19:12:00,completed,USD
530,113,2024-02-03T21:37:00,completed,USD
531,184,2024-02-03T12:21:00,completed,USD
532,57,2024-02-03T20:26:00,shipped,USD
533,81,2024-02-03T11:36:00,returned,USD
534,243,2024-02-03T14:00:00,shipped,USD
535,214,2024-02-03T07:30:00,completed,USD
536,246,2024-02-03T09:28:00,returned,USD
537,9,2024-02-03T15:10:00,shipped,USD
538,1,2024-02-03T08:24:00,returned,USD
539,42,2024-02-03T16:47:00,cancelled,USD
540,57,2024-02-04T17:29:00,shipped,USD
541,287,2024-02-04T08:35:00,returned,USD
542,298,2024-02-04T12:48:00,returned,USD
543,142,2024-02-04T08:23:00,completed,USD
544,232,2024-02-05T17:51:00,cancelled,USD
545,42,2024-02-05T11:18:00,shipped,USD
546,58,2024-02-05T10:31:00,returned,USD
547,214,2024-02-05T10:30:00,returned,USD
548,172,2024-02-05T16:41:00,shipped,USD
549,68,2024-02-05T11:50:00,completed,USD
550,86,2024-02-05T11:45:00,cancelled,USD
551,65,2024-02-05T14:23:00,shipped,USD
552,76,2024-02-05T20:34:00,completed,USD
553,256,2024-02-05T20:59:00,completed,USD
554,76,2024-02-05T20:21:00,cancelled,USD
555,72,2024-02-05T09:19:00,returned,USD
556,229,2024-02-05T08:20:00,completed,USD
557,299,2024-02-05T13:50:00,cancelled,USD
558,252,2024-02-05T22:03:00,completed,USD
559,180,2024-02-05T20:55:00,completed,USD
560,213,2024-02-05T15:10:00,shipped,USD
561,34,2024-02-06T18:05:00,cancelled,USD
562,213,2024-02-06T20:45:00,completed,USD
563,22,2024-02-06T15:31:00,completed,USD
564,214,2024-02-06T21:58:00,completed,USD
565,186,2024-02-06T21:36:00,cancelled,USD
566,298,2024-02-06T10:20:00,completed,USD
567,149,2024-02-06T22:40:00,completed,USD
568,49,2024-02-06T11:34:00,cancelled,USD
569,181,2024-02-06T06:08:00,completed,USD
570,114,2024-02-06T22:54:00,completed,USD
571,60,2024-02-06T06:30:00,completed,USD
572,156,2024-02-06T09:14:00,completed,USD
573,65,2024-02-06T10:05:00,completed,USD
574,31,2024-02-06T09:58:00,shipped,USD
575,106,2024-02-06T12:11:00,cancelled,USD
576,83,2024-02-06T13:32:00,cancelled,USD
577,271,2024-02-06T12:18:00,completed,USD
578,259,2024-02-06T21:23:00,returned,USD
579,110,2024-02-07T13:26:00,cancelled,USD
580,239,2024-02-07T22:08:00,completed,USD
581,234,2024-02-07T15:43:00,cancelled,USD
582,7,2024-02-07T21:43:00,returned,USD
583,44,2024-02-07T10:25:00,completed,USD
584,63,2024-02-07T19:46:00,completed,USD
585,143,2024-02-07T20:06:00,completed,USD
586,119,2024-02-07T10:01:00,returned,USD
587,256,2024-02-07T06:11:00,returned,USD
588,239,2024-02-07T15:42:00,completed,USD
589,231,2024-02-07T18:28:00,completed,USD
590,160,2024-02-07T18:31:00,returned,USD
591,284,2024-02-07T21:30:00,returned,USD
592,194,2024-02-07T17:49:00,cancelled,USD
593,299,2024-02-07T16:24:00,completed,USD
594,211,2024-02-07T07:42:00,completed,USD
595,157,2024-02-07T16:10:00,completed,USD
596,236,2024-02-07T19:36:00,returned,USD
597,251,2024-02-07T12:21:00,completed,USD
598,110,2024-02-08T14:03:00,completed,USD
599,173,2024-02-08T08:36:00,completed,USD
600,103,2024-02-08T18:16:00,shipped,USD
601,138,2024-02-08T19:59:00,returned,USD
602,237,2024-02-08T13:09:00,completed,USD
603,147,2024-02-08T11:16:00,returned,USD
604,126,2024-02-08T20:31:00,completed,USD
605,91,2024-02-08T07:46:00,returned,USD
606,47,2024-02-08T10:15:00,shipped,USD
607,62,2024-02-08T22:16:00,cancelled,USD
608,217,2024-02-08T10:06:00,completed,USD
609,29,2024-02-08T17:44:00,shipped,USD
610,244,2024-02-08T13:17:00,returned,USD
611,18,2024-02-08T07:44:00,returned,USD
612,63,2024-02-08T13:54:00,cancelled,USD
613,163,2024-02-08T19:50:00,returned,USD
614,242,2024-02-08T19:59:00,returned,USD
615,216,2024-02-08T16:29:00,cancelled,USD
616,228,2024-02-08T10:00:00,returned,USD
617,211,2024-02-08T20:30:00,completed,USD
618,102,2024-02-08T19:23:00,completed,USD
619,118,2024-02-09T20:12:00,completed,USD
620,46,2024-02-09T11:36:00,completed,USD
621,223,2024-02-09T21:07:00,shipped,USD
622,254,2024-02-09T10:27:00,shipped,USD
623,215,2024-02-09T19:50:00,completed,USD
624,128,2024-02-09T20:05:00,completed,USD
625,204,2024-02-09T12:45:00,returned,USD
626,182,2024-02-09T07:00:00,cancelled,USD
627,298,2024-02-09T14:10:00,completed,USD
628,161,2024-02-09T10:31:00,completed,USD
629,161,2024-02-09T11:20:00,shipped,USD
630,19,2024-02-09T14:10:00,shipped,USD
631,76,2024-02-09T17:05:00,completed,USD
632,140,2024-02-09T12:37:00,cancelled,USD
633,214,2024-02-09T13:49:00,completed,USD
634,79,2024-02-09T08:29:00,completed,USD
635,67,2024-02-09T07:51:00,completed,USD
636,92,2024-02-09T18:05:00,completed,USD
637,199,2024-02-09T15:41:00,shipped,USD
638,68,2024-02-09T09:53:00,completed,USD
639,217,2024-02-09T19:51:00,completed,USD
640,115,2024-02-10T10:59:00,returned,USD
641,154,2024-02-10T22:27:00,completed,USD
642,212,2024-02-10T20:42:00,completed,USD
643,92,2024-02-10T18:02:00,completed,USD
644,161,2024-02-10T20:48:00,cancelled,USD
645,223,2024-02-10T06:00:00,cancelled,USD
646,185,2024-02-10T18:51:00,returned,USD
647,14,2024-02-10T21:41:00,completed,USD
648,98,2024-02-10T15:49:00,completed,USD
649,231,2024-02-10T13:12:00,cancelled,USD
650,213,2024-02-10T15:02:00,shipped,USD
651,10,2024-02-11T16:35:00,shipped,USD
652,243,2024-02-11T21:39:00,completed,USD
653,177,2024-02-11T13:32:00,shipped,USD
654,68,2024-02-11T18:26:00,completed,USD
655,248,2024-02-11T11:12:00,completed,USD
656,156,2024-02-11T12:35:00,completed,USD
657,183,2024-02-11T11:11:00,returned,USD
658,221,2024-02-11T13:07:00,completed,USD
659,286,2024-02-11T10:54:00,completed,USD
660,235,2024-02-11T09:50:00,completed,USD
661,260,2024-02-11T11:40:00,completed,USD
662,81,2024-02-11T15:45:00,returned,USD
663,225,2024-02-12T06:15:00,shipped,USD
664,78,2024-02-12T19:50:00,cancelled,USD
665,265,2024-02-12T17:01:00,returned,USD
666,19,2024-02-12T10:57:00,returned,USD
667,152,2024-02-12T18:56:00,shipped,USD
668,76,2024-02-12T18:28:00,returned,USD
669,177,2024-02-12T18:49:00,returned,USD
670,200,2024-02-12T10:33:00,returned,USD
671,12,2024-02-12T14:15:00,completed,USD
672,260,2024-02-12T09:03:00,completed,USD
673,3,2024-02-12T16:15:00,shipped,USD
674,72,2024-02-12T18:33:00,returned,USD
675,233,2024-02-12T10:45:00,completed,USD
676,190,2024-02-12T22:25:00,returned,USD
677,74,2024-02-12T10:31:00,cancelled,USD
678,287,2024-02-12T09:38:00,completed,USD
679,151,2024-02-13T06:50:00,shipped,USD
680,111,2024-02-13T21:00:00,completed,USD
681,23,2024-02-13T21:36:00,shipped,USD
682,68,2024-02-13T22:40:00,completed,USD
683,203,2024-02-13T07:42:00,completed,USD
684,287,2024-02-13T12:39:00,completed,USD
685,244,2024-02-13T06:07:00,cancelled,USD
686,228,2024-02-13T16:25:00,completed,USD
687,224,2024-02-13T19:01:00,completed,USD
688,94,2024-02-13T08:09:00,completed,USD
689,153,2024-02-13T09:20:00,shipped,USD
690,104,2024-02-13T13:31:00,completed,USD
691,10,2024-02-13T09:15:00,completed,USD
692,105,2024-02-13T17:34:00,completed,USD
693,22,2024-02-13T20:53:00,completed,USD
694,180,2024-02-13T12:37:00,returned,USD
695,72,2024-02-13T14:56:00,returned,USD
696,108,2024-02-14T16:01:00,shipped,USD
697,89,2024-02-14T21:48:00,shipped,USD
698,184,2024-02-14T11:53:00,shipped,USD
699,99,2024-02-14T06:14:00,shipped,USD
700,99,2024-02-14T15:51:00,completed,USD
701,108,2024-02-14T12:52:00,completed,USD
702,290,2024-02-14T08:37:00,completed,USD
703,268,2024-02-14T14:12:00,returned,USD
704,130,2024-02-14T20:00:00,returned,USD
705,239,2024-02-14T17:33:00,shipped,USD
706,25,2024-02-14T19:34:00,completed,USD
707,39,2024-02-14T12:10:00,completed,USD
708,172,2024-02-14T13:06:00,completed,USD
709,225,2024-02-14T20:37:00,completed,USD
710,194,2024-02-14T08:50:00,completed,USD
711,34,2024-02-14T07:35:00,completed,USD
712,50,2024-02-14T19:14:00,cancelled,USD
713,220,2024-02-14T09:21:00,cancelled,USD
714,99,2024-02-15T09:00:00,completed,USD
715,65,2024-02-15T22:16:00,returned,USD
716,66,2024-02-15T19:32:00,completed,USD
717,176,2024-02-15T17:00:00,completed,USD
718,217,2024-02-15T12:12:00,completed,USD
719,240,2024-02-15T16:54:00,cancelled,USD
720,113,2024-02-15T13:44:00,completed,USD
721,193,2024-02-15T18:11:00,completed,USD
722,184,2024-02-15T09:09:00,completed,USD
723,146,2024-02-15T13:56:00,completed,USD
724,91,2024-02-15T09:01:00,completed,USD
725,234,2024-02-15T17:51:00,completed,USD
726,61,2024-02-15T10:50:00,completed,USD
727,220,2024-02-15T13:58:00,returned,USD
728,97,2024-02-15T15:50:00,cancelled,USD
729,261,2024-02-15T21:13:00,cancelled,USD
730,34,2024-02-15T22:24:00,completed,USD
731,254,2024-02-15T14:37:00,shipped,USD
732,194,2024-02-15T11:59:00,cancelled,USD
733,118,2024-02-15T07:29:00,cancelled,USD
734,140,2024-02-15T06:11:00,shipped,USD
735,142,2024-02-15T09:07:00,completed,USD
736,171,2024-02-16T16:16:00,completed,USD
737,134,2024-02-16T15:18:00,completed,USD
738,77,2024-02-16T13:14:00,shipped,USD
739,237,2024-02-16T08:20:00,completed,USD
740,286,2024-02-16T17:08:00,completed,USD
741,174,2024-02-16T19:27:00,completed,USD
742,170,2024-02-16T18:24:00,cancelled,USD
743,56,2024-02-16T20:40:00,completed,USD
744,251,2024-02-16T11:12:00,completed,USD
745,106,2024-02-16T15:42:00,completed,USD
746,266,2024-02-16T11:20:00,completed,USD
747,106,2024-02-16T19:52:00,completed,USD
748,74,2024-02-16T08:52:00,shipped,USD
749,148,2024-02-16T20:22:00,returned,USD
750,235,2024-02-16T11:44:00,shipped,USD
751,123,2024-02-16T14:56:00,completed,USD
752,40,2024-02-17T22:49:00,completed,USD
753,38,2024-02-17T20:24:00,returned,USD
754,168,2024-02-17T20:31:00,returned,USD
755,10,2024-02-17T09:11:00,cancelled,USD
756,226,2024-02-17T11:13:00,completed,USD
757,111,2024-02-17T07:53:00,shipped,USD
758,228,2024-02-17T06:03:00,completed,USD
759,99,2024-02-17T08:14:00,returned,USD
760,86,2024-02-17T19:32:00,completed,USD
761,98,2024-02-18T12:59:00,cancelled,USD
762,7,2024-02-18T12:29:00,shipped,USD
763,23,2024-02-18T12:26:00,completed,USD
764,129,2024-02-18T16:40:00,completed,USD
765,300,2024-02-18T18:32:00,shipped,USD
766,64,2024-02-18T13:47:00,completed,USD
767,105,2024-02-18T07:15:00,returned,USD
768,170,2024-02-18T13:13:00,completed,USD
769,114,2024-02-18T18:33:00,cancelled,USD
770,105,2024-02-18T08:11:00,completed,USD
771,160,2024-02-18T12:15:00,completed,USD
772,185,2024-02-18T18:10:00,shipped,USD
773,154,2024-02-19T10:35:00,cancelled,USD
774,193,2024-02-19T21:04:00,cancelled,USD
775,192,2024-02-19T18:59:00,shipped,USD
776,198,2024-02-19T11:12:00,cancelled,USD
777,218,2024-02-19T13:15:00,returned,USD
778,127,2024-02-19T11:00:00,cancelled,USD
779,204,2024-02-19T08:33:00,returned,USD
780,155,2024-02-19T18:37:00,cancelled,USD
781,138,2024-02-19T12:59:00,returned,USD
782,221,2024-02-19T11:23:00,completed,USD
783,57,2024-02-19T12:11:00,shipped,USD
784,210,2024-02-19T09:55:00,shipped,USD
785,33,2024-02-19T06:37:00,completed,USD
786,4,2024-02-19T07:06:00,returned,USD
787,243,2024-02-20T19:21:00,completed,USD
788,30,2024-02-20T16:51:00,completed,USD
789,72,2024-02-20T09:55:00,completed,USD
790,2,2024-02-20T16:01:00,returned,USD
791,42,2024-02-20T19:59:00,completed,USD
792,259,2024-02-20T10:31:00,completed,USD
793,240,2024-02-20T20:07:00,completed,USD
794,83,2024-02-20T18:49:00,completed,USD
795,252,2024-02-20T16:55:00,completed,USD
796,194,2024-02-20T18:41:00,returned,USD
797,97,2024-02-20T09:36:00,returned,USD
798,275,2024-02-20T18:27:00,completed,USD
799,203,2024-02-20T20:20:00,completed,USD
800,76,2024-02-20T15:09:00,cancelled,USD
801,258,2024-02-20T09:17:00,returned,USD
802,116,2024-02-20T07:59:00,returned,USD
803,12,2024-02-20T18:21:00,cancelled,USD
804,281,2024-02-20T09:08:00,shipped,USD
805,296,2024-02-20T20:44:00,completed,USD
806,53,2024-02-20T10:24:00,returned,USD
807,223,2024-02-21T18:15:00,completed,USD
808,251,2024-02-21T11:41:00,completed,USD
809,60,2024-02-21T09:31:00,completed,USD
810,49,2024-02-21T11:24:00,cancelled,USD
811,208,2024-02-21T06:25:00,returned,USD
812,3,2024-02-21T20:51:00,cancelled,USD
813,18,2024-02-21T09:32:00,completed,USD
814,266,2024-02-21T20:08:00,completed,USD
815,122,2024-02-21T12:09:00,completed,USD
816,66,2024-02-21T19:04:00,returned,USD
817,74,2024-02-21T12:04:00,cancelled,USD
818,84,2024-02-21T10:20:00,shipped,USD
819,34,2024-02-21T08:23:00,completed,USD
820,114,2024-02-21T09:50:00,shipped,USD
821,251,2024-02-21T22:22:00,completed,USD
822,177,2024-02-21T18:30:00,returned,USD
823,74,2024-02-21T14:03:00,shipped,USD
824,240,2024-02-21T15:17:00,cancelled,USD
825,40,2024-02-21T13:05:00,returned,USD
826,253,2024-02-21T19:43:00,completed,USD
827,64,2024-02-21T06:39:00,shipped,USD
828,177,2024-02-21T22:43:00,completed,USD
829,269,2024-02-22T11:04:00,completed,USD
830,192,2024-02-22T16:58:00,completed,USD
831,151,2024-02-22T12:00:00,completed,USD
832,236,2024-02-22T15:22:00,completed,USD
833,206,2024-02-22T06:06:00,completed,USD
834,116,2024-02-22T18:23:00,shipped,USD
835,83,2024-02-22T17:47:00,completed,USD
836,17,2024-02-22T12:30:00,completed,USD
837,200,2024-02-22T09:06:00,completed,USD
838,257,2024-02-22T13:03:00,completed,USD
839,220,2024-02-22T10:46:00,completed,USD
840,220,2024-02-22T21:45:00,completed,USD
841,93,2024-02-22T10:14:00,completed,USD
842,141,2024-02-22T10:27:00,completed,USD
843,27,2024-02-22T19:33:00,shipped,USD
844,219,2024-02-22T07:19:00,returned,USD
845,180,2024-02-22T19:15:00,returned,USD
846,109,2024-02-22T21:17:00,completed,USD
847,252,2024-02-22T16:19:00,completed,USD
848,283,2024-02-22T16:23:00,completed,USD
849,300,2024-02-22T08:56:00,shipped,USD
850,62,2024-02-22T12:12:00,completed,USD
851,79,2024-02-22T10:12:00,completed,USD
852,35,2024-02-23T19:33:00,shipped,USD
853,67,2024-02-23T07:36:00,completed,USD
854,204,2024-02-23T22:04:00,shipped,USD
855,140,2024-02-23T11:00:00,completed,USD
856,234,2024-02-23T22:16:00,cancelled,USD
857,24,2024-02-23T13:18:00,cancelled,USD
858,69,2024-02-23T07:41:00,completed,USD
859,189,2024-02-23T08:45:00,completed,USD
860,183,2024-02-23T14:11:00,completed,USD
861,283,2024-02-23T20:14:00,completed,USD
862,189,2024-02-23T21:05:00,completed,USD
863,159,2024-02-23T11:52:00,completed,USD
864,52,2024-02-23T22:08:00,returned,USD
865,197,2024-02-23T09:52:00,completed,USD
866,68,2024-02-23T08:17:00,completed,USD
867,278,2024-02-23T16:54:00,returned,USD
868,289,2024-02-23T11:19:00,shipped,USD
869,11,2024-02-23T09:34:00,completed,USD
870,198,2024-02-23T17:41:00,completed,USD
871,53,2024-02-24T17:04:00,completed,USD
872,272,2024-02-24T11:43:00,completed,USD
873,136,2024-02-24T08:50:00,returned,USD
874,164,2024-02-24T18:28:00,completed,USD
875,181,2024-02-24T21:27:00,completed,USD
876,255,2024-02-24T21:34:00,cancelled,USD
877,296,2024-02-24T13:44:00,returned,USD
878,9,2024-02-25T21:08:00,completed,USD
879,72,2024-02-25T20:09:00,completed,USD
880,218,2024-02-25T07:44:00,completed,USD
881,245,2024-02-25T11:01:00,cancelled,USD
882,292,2024-02-25T10:48:00,shipped,USD
883,241,2024-02-25T16:28:00,shipped,USD
884,31,2024-02-25T07:38:00,returned,USD
885,133,2024-02-26T22:19:00,cancelled,USD
886,65,2024-02-26T12:25:00,returned,USD
887,287,2024-02-26T08:52:00,cancelled,USD
888,54,2024-02-26T17:38:00,completed,USD
889,6,2024-02-26T12:35:00,completed,USD
890,290,2024-02-26T21:02:00,completed,USD
891,5,2024-02-26T15:25:00,completed,USD
892,170,2024-02-26T22:06:00,shipped,USD
893,149,2024-02-26T10:43:00,completed,USD
894,257,2024-02-26T22:59:00,cancelled,USD
895,199,2024-02-26T12:39:00,completed,USD
896,50,2024-02-26T10:49:00,completed,USD
897,35,2024-02-26T17:22:00,completed,USD
898,133,2024-02-26T14:48:00,shipped,USD
899,226,2024-02-26T22:54:00,completed,USD
900,30,2024-02-26T13:44:00,returned,USD
901,193,2024-02-26T18:54:00,completed,USD
902,48,2024-02-26T20:29:00,completed,USD
903,163,2024-02-26T21:13:00,completed,USD
904,195,2024-02-26T17:50:00,completed,USD
905,141,2024-02-26T08:19:00,shipped,USD
906,85,2024-02-27T17:26:00,completed,USD
907,102,2024-02-27T10:20:00,completed,USD
908,209,2024-02-27T22:46:00,completed,USD
909,297,2024-02-27T07:13:00,completed,USD
910,194,2024-02-27T17:13:00,completed,USD
911,155,2024-02-27T22:52:00,completed,USD
912,212,2024-02-27T17:22:00,shipped,USD
913,278,2024-02-27T18:18:00,shipped,USD
914,211,2024-02-27T21:47:00,completed,USD
915,298,2024-02-27T15:54:00,completed,USD
916,203,2024-02-27T17:50:00,completed,USD
917,158,2024-02-27T13:00:00,shipped,USD
918,293,2024-02-27T13:35:00,shipped,USD
919,163,2024-02-27T11:27:00,cancelled,USD
920,201,2024-02-27T14:53:00,returned,USD
921,6,2024-02-27T10:01:00,returned,USD
922,67,2024-02-27T17:11:00,shipped,USD
923,134,2024-02-28T07:17:00,returned,USD
924,297,2024-02-28T09:29:00,completed,USD
925,135,2024-02-28T08:04:00,completed,USD
926,108,2024-02-28T19:24:00,returned,USD
927,17,2024-02-28T16:22:00,completed,USD
928,275,2024-02-28T22:32:00,completed,USD
929,168,2024-02-28T13:05:00,completed,USD
930,283,2024-02-28T15:29:00,returned,USD
931,160,2024-02-28T12:46:00,completed,USD
932,220,2024-02-28T17:23:00,completed,USD
933,262,2024-02-28T19:18:00,completed,USD
934,126,2024-02-28T12:42:00,completed,USD
935,110,2024-02-28T16:57:00,shipped,USD
936,270,2024-02-28T09:35:00,completed,USD
937,164,2024-02-28T12:03:00,completed,USD
938,122,2024-02-28T06:18:00,cancelled,USD
939,237,2024-02-28T10:53:00,completed,USD
940,141,2024-02-28T17:25:00,completed,USD
941,25,2024-02-28T15:44:00,shipped,USD
942,166,2024-02-29T19:14:00,returned,USD
943,27,2024-02-29T07:07:00,completed,USD
944,169,2024-02-29T18:17:00,returned,USD
945,164,2024-02-29T19:40:00,completed,USD
946,116,2024-02-29T14:49:00,completed,USD
947,254,2024-02-29T12:00:00,completed,USD
948,107,2024-02-29T22:32:00,cancelled,USD
949,187,2024-02-29T20:55:00,shipped,USD
950,85,2024-02-29T15:55:00,returned,USD
951,57,2024-02-29T06:57:00,completed,USD
952,182,2024-02-29T12:09:00,shipped,USD
953,217,2024-02-29T15:12:00,completed,USD
954,57,2024-02-29T09:03:00,completed,USD
955,34,2024-02-29T09:17:00,cancelled,USD
956,138,2024-03-01T12:10:00,shipped,USD
957,2,2024-03-01T11:32:00,completed,USD
958,7,2024-03-01T21:27:00,returned,USD
959,181,2024-03-01T06:31:00,shipped,USD
960,149,2024-03-01T22:32:00,completed,USD
961,232,2024-03-01T17:34:00,shipped,USD
962,171,2024-03-01T21:07:00,cancelled,USD
963,255,2024-03-01T13:36:00,completed,USD
964,90,2024-03-01T17:56:00,completed,USD
965,176,2024-03-01T09:27:00,cancelled,USD
966,268,2024-03-01T11:19:00,completed,USD
967,157,2024-03-01T19:22:00,completed,USD
968,180,2024-03-01T22:42:00,completed,USD
969,222,2024-03-01T08:18:00,cancelled,USD
970,217,2024-03-01T09:57:00,shipped,USD
971,297,2024-03-01T12:16:00,completed,USD
972,291,2024-03-02T20:34:00,returned,USD
973,161,2024-03-02T17:29:00,cancelled,USD
974,216,2024-03-02T10:39:00,completed,USD
975,151,2024-03-02T18:08:00,completed,USD
976,171,2024-03-02T09:52:00,cancelled,USD
977,28,2024-03-02T12:33:00,returned,USD
978,155,2024-03-02T15:46:00,returned,USD
979,103,2024-03-02T08:00:00,completed,USD
980,243,2024-03-03T22:28:00,completed,USD
981,64,2024-03-03T10:40:00,shipped,USD
982,88,2024-03-03T12:30:00,cancelled,USD
983,238,2024-03-03T19:09:00,shipped,USD
984,289,2024-03-03T06:37:00,shipped,USD
985,5,2024-03-04T17:32:00,completed,USD
986,90,2024-03-04T10:22:00,returned,USD
987,248,2024-03-04T21:38:00,shipped,USD
988,133,2024-03-04T16:37:00,completed,USD
989,119,2024-03-04T09:31:00,completed,USD
990,59,2024-03-04T08:28:00,completed,USD
991,194,2024-03-04T12:12:00,completed,USD
992,45,2024-03-04T06:40:00,cancelled,USD
993,3,2024-03-04T19:36:00,completed,USD
994,255,2024-03-04T12:36:00,completed,USD
995,37,2024-03-04T08:08:00,cancelled,USD
996,115,2024-03-04T14:24:00,completed,USD
997,257,2024-03-04T18:39:00,completed,USD
998,299,2024-03-04T14:41:00,shipped,USD
999,134,2024-03-04T16:56:00,completed,USD
1000,169,2024-03-04T07:15:00,returned,USD
1001,283,2024-03-04T10:17:00,shipped,USD
1002,116,2024-03-05T17:27:00,returned,USD
1003,283,2024-03-05T07:24:00,shipped,USD
1004,181,2024-03-05T16:27:00,completed,USD
1005,6,2024-03-05T19:47:00,completed,USD
1006,30,2024-03-05T07:08:00,completed,USD
1007,246,2024-03-05T09:42:00,returned,USD
1008,106,2024-03-05T17:57:00,shipped,USD
1009,126,2024-03-05T14:20:00,cancelled,USD
1010,249,2024-03-05T08:13:00,completed,USD
1011,108,2024-03-05T17:46:00,completed,USD
1012,11,2024-03-05T07:17:00,shipped,USD
1013,254,2024-03-05T18:24:00,completed,USD
1014,14,2024-03-05T16:59:00,cancelled,USD
1015,219,2024-03-05T07:51:00,returned,USD
1016,274,2024-03-05T19:36:00,shipped,USD
1017,141,2024-03-05T13:49:00,completed,USD
1018,7,2024-03-05T15:36:00,completed,USD
1019,19,2024-03-05T21:40:00,completed,USD
1020,283,2024-03-05T08:28:00,completed,USD
1021,117,2024-03-05T11:09:00,returned,USD
1022,95,2024-03-05T22:55:00,returned,USD
1023,23,2024-03-06T13:22:00,cancelled,USD
1024,58,2024-03-06T08:15:00,cancelled,USD
1025,37,2024-03-06T19:56:00,returned,USD
1026,241,2024-03-06T06:10:00,completed,USD
1027,161,2024-03-06T22:50:00,cancelled,USD
1028,40,2024-03-06T22:36:00,completed,USD
1029,138,2024-03-06T15:58:00,completed,USD
1030,60,2024-03-06T13:28:00,returned,USD
1031,215,2024-03-06T10:59:00,completed,USD
1032,134,2024-03-06T16:20:00,completed,USD
1033,259,2024-03-06T21:40:00,completed,USD
1034,215,2024-03-06T21:47:00,completed,USD
1035,13,2024-03-06T11:04:00,returned,USD
1036,66,2024-03-06T13:45:00,shipped,USD
1037,38,2024-03-06T17:28:00,returned,USD
1038,78,2024-03-06T17:43:00,completed,USD
1039,25,2024-03-06T22:57:00,cancelled,USD
1040,295,2024-03-06T16:06:00,cancelled,USD
1041,148,2024-03-06T09:59:00,completed,USD
1042,261,2024-03-06T06:38:00,completed,USD
1043,100,2024-03-06T21:53:00,completed,USD
1044,219,2024-03-07T20:33:00,returned,USD
1045,228,2024-03-07T21:16:00,shipped,USD
1046,60,2024-03-07T08:47:00,completed,USD
1047,142,2024-03-07T22:43:00,shipped,USD
1048,20,2024-03-07T09:59:00,shipped,USD
1049,193,2024-03-07T12:16:00,completed,USD
1050,2,2024-03-07T08:31:00,shipped,USD
1051,195,2024-03-07T13:40:00,returned,USD
1052,251,2024-03-07T18:38:00,returned,USD
1053,229,2024-03-07T13:42:00,completed,USD
1054,251,2024-03-07T19:43:00,cancelled,USD
1055,32,2024-03-07T16:16:00,cancelled,USD
1056,249,2024-03-07T13:21:00,returned,USD
1057,114,2024-03-07T11:34:00,cancelled,USD
1058,67,2024-03-07T06:46:00,cancelled,USD
1059,171,2024-03-07T08:41:00,completed,USD
1060,275,2024-03-07T11:53:00,completed,USD
1061,7,2024-03-07T06:48:00,completed,USD
1062,22,2024-03-07T15:19:00,completed,USD
1063,18,2024-03-07T09:52:00,completed,USD
1064,11,2024-03-07T10:06:00,completed,USD
1065,104,2024-03-07T14:41:00,completed,USD
1066,126,2024-03-08T06:31:00,shipped,USD
1067,289,2024-03-08T15:21:00,completed,USD
1068,107,2024-03-08T13:05:00,shipped,USD
1069,120,2024-03-08T21:16:00,completed,USD
1070,138,2024-03-08T12:48:00,returned,USD
1071,54,2024-03-08T08:24:00,shipped,USD
1072,86,2024-03-08T20:55:00,completed,USD
1073,88,2024-03-08T22:31:00,returned,USD
1074,61,2024-03-08T15:46:00,shipped,USD
1075,149,2024-03-08T12:51:00,cancelled,USD
1076,85,2024-03-08T21:00:00,cancelled,USD
1077,103,2024-03-08T09:34:00,returned,USD
1078,177,2024-03-08T06:59:00,returned,USD
1079,189,2024-03-08T18:59:00,cancelled,USD
1080,144,2024-03-08T14:36:00,completed,USD
1081,197,2024-03-08T14:51:00,completed,USD
1082,1,2024-03-08T08:57:00,completed,USD
1083,218,2024-03-08T21:20:00,returned,USD
1084,182,2024-03-08T22:20:00,completed,USD
1085,86,2024-03-08T14:45:00,returned,USD
1086,62,2024-03-08T19:41:00,cancelled,USD
1087,287,2024-03-09T18:23:00,completed,USD
1088,270,2024-03-09T06:37:00,completed,USD
1089,140,2024-03-09T14:41:00,completed,USD
1090,252,2024-03-09T21:47:00,completed,USD
1091,79,2024-03-09T11:55:00,returned,USD
1092,161,2024-03-09T14:54:00,completed,USD
1093,87,2024-03-09T17:33:00,cancelled,USD
1094,32,2024-03-09T12:52:00,completed,USD
1095,142,2024-03-09T12:44:00,cancelled,USD
1096,290,2024-03-09T08:07:00,shipped,USD
1097,96,2024-03-09T06:49:00,completed,USD
1098,42,2024-03-09T13:19:00,returned,USD
1099,147,2024-03-09T14:08:00,completed,USD
1100,48,2024-03-10T17:37:00,shipped,USD
1101,80,2024-03-10T12:44:00,cancelled,USD
1102,133,2024-03-10T20:16:00,completed,USD
1103,96,2024-03-10T10:29:00,shipped,USD
1104,184,2024-03-10T11:26:00,completed,USD
1105,234,2024-03-10T19:46:00,cancelled,USD
1106,260,2024-03-10T19:27:00,completed,USD
1107,269,2024-03-10T10:08:00,completed,USD
1108,1,2024-03-11T10:12:00,returned,USD
1109,224,2024-03-11T13:09:00,completed,USD
1110,109,2024-03-11T18:53:00,shipped,USD
1111,218,2024-03-11T18:34:00,cancelled,USD
1112,14,2024-03-11T11:49:00,completed,USD
1113,204,2024-03-11T13:08:00,completed,USD
1114,160,2024-03-11T21:02:00,shipped,USD
1115,43,2024-03-11T09:41:00,completed,USD
1116,217,2024-03-11T15:27:00,completed,USD
1117,274,2024-03-11T09:50:00,completed,USD
1118,77,2024-03-11T16:59:00,completed,USD
1119,21,2024-03-11T21:29:00,completed,USD
1120,278,2024-03-11T11:18:00,completed,USD
1121,19,2024-03-11T18:15:00,cancelled,USD
1122,253,2024-03-11T14:22:00,shipped,USD
1123,20,2024-03-11T09:24:00,completed,USD
1124,217,2024-03-11T06:11:00,shipped,USD
1125,134,2024-03-11T22:34:00,completed,USD
1126,224,2024-03-11T11:17:00,completed,USD
1127,146,2024-03-11T06:26:00,completed,USD
1128,163,2024-03-12T13:14:00,completed,USD
1129,33,2024-03-12T15:46:00,cancelled,USD
1130,178,2024-03-12T10:29:00,shipped,USD
1131,288,2024-03-12T08:13:00,completed,USD
1132,300,2024-03-12T17:36:00,completed,USD
1133,64,2024-03-12T18:13:00,completed,USD
1134,282,2024-03-12T17:48:00,shipped,USD
1135,163,2024-03-12T18:14:00,cancelled,USD
1136,172,2024-03-12T11:43:00,shipped,USD
1137,215,2024-03-12T12:40:00,shipped,USD
1138,258,2024-03-12T19:01:00,completed,USD
1139,12,2024-03-12T18:35:00,returned,USD
1140,90,2024-03-12T12:20:00,shipped,USD
1141,236,2024-03-12T20:15:00,completed,USD
1142,82,2024-03-12T20:46:00,completed,USD
1143,209,2024-03-12T21:55:00,cancelled,USD
1144,225,2024-03-12T07:18:00,shipped,USD
1145,75,2024-03-12T09:46:00,completed,USD
1146,108,2024-03-12T09:21:00,completed,USD
1147,126,2024-03-12T16:18:00,completed,USD
1148,114,2024-03-12T17:45:00,completed,USD
1149,151,2024-03-12T10:09:00,completed,USD
1150,76,2024-03-13T06:16:00,cancelled,USD
1151,80,2024-03-13T22:20:00,cancelled,USD
1152,8,2024-03-13T08:21:00,returned,USD
1153,62,2024-03-13T12:22:00,returned,USD
1154,205,2024-03-13T09:21:00,returned,USD
1155,276,2024-03-13T07:28:00,completed,USD
1156,117,2024-03-13T20:11:00,returned,USD
1157,143,2024-03-13T12:46:00,completed,USD
1158,156,2024-03-13T12:14:00,completed,USD
1159,27,2024-03-13T08:12:00,completed,USD
1160,292,2024-03-13T19:55:00,completed,USD
1161,234,2024-03-13T14:48:00,completed,USD
1162,136,2024-03-13T13:21:00,cancelled,USD
1163,4,2024-03-13T22:30:00,completed,USD
1164,94,2024-03-13T09:48:00,completed,USD
1165,242,2024-03-13T15:59:00,completed,USD
1166,203,2024-03-13T11:39:00,completed,USD
1167,118,2024-03-14T21:59:00,completed,USD
1168,231,2024-03-14T19:36:00,completed,USD
1169,104,2024-03-14T14:18:00,completed,USD
1170,111,2024-03-14T22:28:00,cancelled,USD
1171,24,2024-03-14T18:44:00,returned,USD
1172,225,2024-03-14T09:30:00,completed,USD
1173,78,2024-03-14T15:36:00,completed,USD
1174,280,2024-03-14T14:35:00,returned,USD
1175,110,2024-03-14T16:29:00,completed,USD
1176,131,2024-03-14T06:08:00,cancelled,USD
1177,203,2024-03-14T07:53:00,shipped,USD
1178,9,2024-03-14T19:02:00,cancelled,USD
1179,290,2024-03-14T09:34:00,completed,USD
1180,98,2024-03-14T19:52:00,completed,USD
1181,174,2024-03-14T22:49:00,shipped,USD
1182,219,2024-03-14T14:54:00,completed,USD
1183,295,2024-03-14T10:12:00,completed,USD
1184,21,2024-03-15T17:04:00,completed,USD
1185,139,2024-03-15T12:49:00,completed,USD
1186,195,2024-03-15T20:28:00,completed,USD
1187,84,2024-03-15T09:31:00,completed,USD
1188,245,2024-03-15T22:07:00,completed,USD
1189,223,2024-03-15T15:14:00,returned,USD
1190,242,2024-03-15T14:46:00,completed,USD
1191,72,2024-03-15T21:48:00,returned,USD
1192,151,2024-03-15T19:52:00,completed,USD
1193,93,2024-03-15T09:50:00,completed,USD
1194,136,2024-03-15T16:01:00,cancelled,USD
1195,18,2024-03-15T10:58:00,returned,USD
1196,48,2024-03-15T08:07:00,shipped,USD
1197,132,2024-03-15T16:42:00,completed,USD
1198,264,2024-03-15T10:14:00,completed,USD
1199,145,2024-03-15T09:15:00,cancelled,USD
1200,267,2024-03-15T14:48:00,cancelled,USD
1201,18,2024-03-15T18:40:00,returned,USD
1202,8,2024-03-15T07:53:00,completed,USD
1203,248,2024-03-15T12:40:00,completed,USD
1204,173,2024-03-15T14:21:00,completed,USD
1205,14,2024-03-15T10:06:00,cancelled,USD
1206,178,2024-03-16T20:27:00,completed,USD
1207,204,2024-03-16T12:09:00,cancelled,USD
1208,270,2024-03-16T10:36:00,cancelled,USD
1209,277,2024-03-16T22:10:00,completed,USD
1210,277,2024-03-16T19:54:00,cancelled,USD
1211,216,2024-03-16T20:20:00,shipped,USD
1212,160,2024-03-17T08:03:00,completed,USD
1213,128,2024-03-17T08:14:00,completed,USD
1214,228,2024-03-17T14:48:00,completed,USD
1215,242,2024-03-17T20:19:00,completed,USD
1216,233,2024-03-17T08:56:00,completed,USD
1217,300,2024-03-17T21:48:00,completed,USD
1218,254,2024-03-17T19:26:00,returned,USD
1219,142,2024-03-17T22:21:00,completed,USD
1220,223,2024-03-17T14:06:00,returned,USD
1221,51,2024-03-17T09:07:00,cancelled,USD
1222,178,2024-03-17T20:54:00,returned,USD
1223,169,2024-03-17T15:58:00,completed,USD
1224,229,2024-03-17T16:29:00,completed,USD
1225,89,2024-03-17T08:21:00,shipped,USD
1226,208,2024-03-18T21:40:00,completed,USD
1227,180,2024-03-18T20:57:00,completed,USD
1228,260,2024-03-18T15:48:00,returned,USD
1229,208,2024-03-18T10:45:00,completed,USD
1230,292,2024-03-18T16:14:00,completed,USD
1231,126,2024-03-18T20:41:00,completed,USD
1232,248,2024-03-18T19:35:00,shipped,USD
1233,199,2024-03-18T14:45:00,returned,USD
1234,40,2024-03-18T10:20:00,returned,USD
1235,244,2024-03-18T16:06:00,cancelled,USD
1236,138,2024-03-18T07:29:00,cancelled,USD
1237,245,2024-03-18T10:04:00,returned,USD
1238,221,2024-03-18T10:25:00,returned,USD
1239,170,2024-03-18T22:26:00,completed,USD
1240,28,2024-03-18T17:37:00,returned,USD
1241,33,2024-03-18T19:46:00,cancelled,USD
1242,16,2024-03-18T21:46:00,returned,USD
1243,207,2024-03-18T18:51:00,cancelled,USD
1244,130,2024-03-18T08:11:00,shipped,USD
1245,269,2024-03-18T06:56:00,completed,USD
1246,49,2024-03-18T06:33:00,completed,USD
1247,157,2024-03-18T17:54:00,completed,USD
1248,256,2024-03-18T12:22:00,completed,USD
1249,192,2024-03-19T11:57:00,cancelled,USD
1250,150,2024-03-19T17:43:00,completed,USD
1251,99,2024-03-19T10:39:00,cancelled,USD
1252,34,2024-03-19T13:23:00,completed,USD
1253,184,2024-03-19T21:51:00,completed,USD
1254,165,2024-03-19T22:25:00,cancelled,USD
1255,219,2024-03-19T19:24:00,shipped,USD
1256,54,2024-03-19T21:39:00,completed,USD
1257,293,2024-03-19T11:41:00,cancelled,USD
1258,276,2024-03-19T19:47:00,completed,USD
1259,235,2024-03-19T13:45:00,completed,USD
1260,24,2024-03-19T12:57:00,shipped,USD
1261,124,2024-03-19T16:11:00,returned,USD
1262,217,2024-03-19T15:13:00,returned,USD
1263,130,2024-03-19T06:40:00,cancelled,USD
1264,35,2024-03-19T16:10:00,completed,USD
1265,56,2024-03-19T18:52:00,completed,USD
1266,19,2024-03-19T21:06:00,shipped,USD
1267,95,2024-03-19T08:15:00,completed,USD
1268,163,2024-03-19T06:09:00,completed,USD
1269,201,2024-03-19T10:18:00,shipped,USD
1270,172,2024-03-19T20:01:00,returned,USD
1271,34,2024-03-20T22:34:00,shipped,USD
1272,165,2024-03-20T07:09:00,completed,USD
1273,196,2024-03-20T07:52:00,completed,USD
1274,293,2024-03-20T18:18:00,returned,USD
1275,275,2024-03-20T13:09:00,completed,USD
1276,222,2024-03-20T10:02:00,completed,USD
1277,214,2024-03-20T20:28:00,shipped,USD
1278,98,2024-03-20T12:55:00,cancelled,USD
1279,202,2024-03-20T21:06:00,completed,USD
1280,222,2024-03-20T20:01:00,completed,USD
1281,80,2024-03-20T18:36:00,returned,USD
1282,250,2024-03-20T22:47:00,completed,USD
1283,44,2024-03-20T06:58:00,completed,USD
1284,183,2024-03-20T10:13:00,completed,USD
1285,174,2024-03-20T11:18:00,returned,USD
1286,210,2024-03-20T21:44:00,completed,USD
1287,196,2024-03-20T18:30:00,shipped,USD
1288,300,2024-03-20T11:28:00,cancelled,USD
1289,177,2024-03-20T08:56:00,completed,USD
1290,101,2024-03-20T16:18:00,returned,USD
1291,9,2024-03-20T19:10:00,cancelled,USD
1292,164,2024-03-20T07:41:00,completed,USD
1293,21,2024-03-20T20:42:00,completed,USD
1294,6,2024-03-21T06:19:00,returned,USD
1295,209,2024-03-21T16:08:00,returned,USD
1296,44,2024-03-21T16:55:00,returned,USD
1297,125,2024-03-21T11:23:00,completed,USD
1298,45,2024-03-21T06:46:00,completed,USD
1299,37,2024-03-21T20:40:00,completed,USD
1300,42,2024-03-21T08:45:00,completed,USD
1301,108,2024-03-21T08:24:00,completed,USD
1302,241,2024-03-21T07:28:00,completed,USD
1303,74,2024-03-21T12:44:00,cancelled,USD
1304,96,2024-03-21T13:10:00,completed,USD
1305,124,2024-03-21T06:41:00,cancelled,USD
1306,221,2024-03-21T20:00:00,completed,USD
1307,34,2024-03-21T14:46:00,cancelled,USD
1308,280,2024-03-21T12:14:00,returned,USD
1309,207,2024-03-22T20:28:00,shipped,USD
1310,163,2024-03-22T10:25:00,shipped,USD
1311,201,2024-03-22T10:17:00,shipped,USD
1312,117,2024-03-22T21:38:00,completed,USD
1313,149,2024-03-22T13:33:00,completed,USD
1314,220,2024-03-22T09:38:00,cancelled,USD
1315,190,2024-03-22T21:04:00,cancelled,USD
1316,127,2024-03-22T16:44:00,completed,USD
1317,175,2024-03-22T16:44:00,cancelled,USD
1318,118,2024-03-22T13:52:00,returned,USD
1319,262,2024-03-22T18:48:00,completed,USD
1320,137,2024-03-22T20:24:00,completed,USD
1321,127,2024-03-22T06:20:00,completed,USD
1322,275,2024-03-22T12:59:00,completed,USD
1323,100,2024-03-22T22:18:00,cancelled,USD
1324,134,2024-03-22T10:18:00,completed,USD
1325,41,2024-03-22T20:49:00,completed,USD
1326,228,2024-03-22T09:59:00,completed,USD
1327,166,2024-03-23T09:03:00,completed,USD
1328,166,2024-03-23T11:20:00,shipped,USD
1329,290,2024-03-23T07:56:00,cancelled,USD
1330,255,2024-03-23T08:08:00,completed,USD
1331,185,2024-03-23T16:05:00,completed,USD
1332,46,2024-03-23T20:10:00,completed,USD
1333,29,2024-03-24T06:03:00,returned,USD
1334,71,2024-03-24T16:20:00,cancelled,USD
1335,103,2024-03-24T07:13:00,cancelled,USD
1336,298,2024-03-24T22:57:00,completed,USD
1337,145,2024-03-24T17:32:00,completed,USD
1338,232,2024-03-24T20:38:00,completed,USD
1339,110,2024-03-24T15:23:00,cancelled,USD
1340,106,2024-03-25T18:46:00,shipped,USD
1341,147,2024-03-25T13:04:00,returned,USD
1342,26,2024-03-25T14:59:00,completed,USD
1343,291,2024-03-25T09:03:00,completed,USD
1344,12,2024-03-25T07:57:00,completed,USD
1345,234,2024-03-25T09:58:00,completed,USD
1346,8,2024-03-25T08:46:00,completed,USD
1347,289,2024-03-25T08:46:00,shipped,USD
1348,20,2024-03-25T19:53:00,shipped,USD
1349,137,2024-03-25T14:55:00,completed,USD
1350,289,2024-03-25T21:50:00,shipped,USD
1351,189,2024-03-25T21:34:00,shipped,USD
1352,75,2024-03-25T17:26:00,completed,USD
1353,76,2024-03-25T21:43:00,returned,USD
1354,22,2024-03-25T22:58:00,completed,USD
1355,294,2024-03-25T12:52:00,completed,USD
1356,85,2024-03-25T13:43:00,returned,USD
1357,202,2024-03-25T17:47:00,completed,USD
1358,254,2024-03-26T08:44:00,completed,USD
1359,13,2024-03-26T06:18:00,completed,USD
1360,35,2024-03-26T20:07:00,completed,USD
1361,220,2024-03-26T21:40:00,cancelled,USD
1362,256,2024-03-26T17:01:00,completed,USD
1363,180,2024-03-26T21:01:00,returned,USD
1364,233,2024-03-26T16:15:00,shipped,USD
1365,15,2024-03-26T20:04:00,cancelled,USD
1366,130,2024-03-26T09:44:00,cancelled,USD
1367,40,2024-03-26T21:31:00,completed,USD
1368,155,2024-03-26T13:21:00,completed,USD
1369,289,2024-03-26T20:31:00,completed,USD
1370,279,2024-03-26T19:30:00,completed,USD
1371,217,2024-03-26T08:05:00,completed,USD
1372,13,2024-03-27T08:36:00,completed,USD
1373,286,2024-03-27T21:04:00,completed,USD
1374,104,2024-03-27T15:08:00,completed,USD
1375,156,2024-03-27T16:58:00,completed,USD
1376,245,2024-03-27T12:06:00,shipped,USD
1377,66,2024-03-27T10:55:00,cancelled,USD
1378,290,2024-03-27T13:40:00,completed,USD
1379,15,2024-03-27T17:25:00,completed,USD
1380,148,2024-03-27T08:27:00,shipped,USD
1381,44,2024-03-27T10:49:00,returned,USD
1382,144,2024-03-27T16:19:00,shipped,USD
1383,287,2024-03-27T10:30:00,returned,USD
1384,129,2024-03-27T14:59:00,returned,USD
1385,290,2024-03-27T17:19:00,completed,USD
1386,218,2024-03-28T12:49:00,returned,USD
1387,278,2024-03-28T16:13:00,cancelled,USD
1388,94,2024-03-28T21:23:00,returned,USD
1389,276,2024-03-28T10:16:00,completed,USD
1390,282,2024-03-28T06:04:00,shipped,USD
1391,142,2024-03-28T19:12:00,cancelled,USD
1392,62,2024-03-28T11:07:00,completed,USD
1393,138,2024-03-28T09:59:00,completed,USD
1394,119,2024-03-28T14:59:00,completed,USD
1395,197,2024-03-28T06:10:00,completed,USD
1396,139,2024-03-28T09:06:00,shipped,USD
1397,85,2024-03-28T13:17:00,completed,USD
1398,223,2024-03-28T18:28:00,cancelled,USD
1399,227,2024-03-28T18:54:00,completed,USD
1400,260,2024-03-28T18:53:00,cancelled,USD
1401,112,2024-03-28T17:25:00,completed,USD
1402,289,2024-03-28T08:28:00,completed,USD
1403,196,2024-03-29T21:27:00,completed,USD
1404,81,2024-03-29T13:54:00,completed,USD
1405,47,2024-03-29T11:05:00,returned,USD
1406,131,2024-03-29T10:18:00,shipped,USD
1407,210,2024-03-29T11:33:00,completed,USD
1408,27,2024-03-29T11:18:00,cancelled,USD
1409,92,2024-03-29T09:49:00,cancelled,USD
1410,263,2024-03-29T22:32:00,completed,USD
1411,25,2024-03-29T10:54:00,shipped,USD
1412,126,2024-03-29T11:45:00,shipped,USD
1413,22,2024-03-29T18:08:00,completed,USD
1414,251,2024-03-29T18:35:00,returned,USD
1415,129,2024-03-29T19:10:00,cancelled,USD
1416,193,2024-03-29T17:01:00,completed,USD
1417,155,2024-03-29T13:09:00,shipped,USD
1418,130,2024-03-29T18:29:00,shipped,USD
1419,180,2024-03-29T18:56:00,shipped,USD
1420,100,2024-03-29T22:10:00,completed,USD
1421,31,2024-03-30T22:13:00,completed,USD
1422,146,2024-03-30T07:51:00,completed,USD
1423,222,2024-03-30T07:42:00,cancelled,USD
1424,226,2024-03-30T14:09:00,returned,USD
1425,202,2024-03-30T07:02:00,completed,USD
1426,281,2024-03-30T14:58:00,cancelled,USD
1427,248,2024-03-30T13:29:00,completed,USD
1428,176,2024-03-30T17:54:00,cancelled,USD
1429,143,2024-03-31T13:14:00,cancelled,USD
1430,169,2024-03-31T15:31:00,cancelled,USD
1431,238,2024-03-31T09:44:00,completed,USD
1432,84,2024-03-31T21:59:00,cancelled,USD
1433,224,2024-03-31T19:09:00,shipped,USD
1434,110,2024-03-31T19:54:00,shipped,USD
1435,82,2024-03-31T16:37:00,cancelled,USD
1436,27,2024-03-31T21:11:00,completed,USD
1437,183,2024-03-31T08:02:00,returned,USD
1438,43,2024-03-31T06:52:00,completed,USD
1439,137,2024-03-31T15:39:00,cancelled,USD
1440,71,2024-03-31T20:38:00,completed,USD
1441,202,2024-04-01T11:44:00,completed,USD
1442,168,2024-04-01T13:29:00,completed,USD
1443,61,2024-04-01T09:28:00,completed,USD
1444,297,2024-04-01T21:27:00,completed,USD
1445,187,2024-04-01T18:12:00,completed,USD
1446,204,2024-04-01T16:28:00,returned,USD
1447,95,2024-04-01T11:16:00,completed,USD
1448,93,2024-04-01T07:49:00,shipped,USD
1449,191,2024-04-01T06:06:00,completed,USD
1450,271,2024-04-01T12:27:00,cancelled,USD
1451,281,2024-04-01T20:02:00,completed,USD
1452,293,2024-04-01T16:53:00,completed,USD
1453,118,2024-04-01T14:25:00,returned,USD
1454,25,2024-04-02T14:34:00,completed,USD
1455,148,2024-04-02T13:59:00,completed,USD
1456,246,2024-04-02T09:08:00,completed,USD
1457,84,2024-04-02T09:48:00,completed,USD
1458,123,2024-04-02T14:11:00,completed,USD
1459,63,2024-04-02T20:32:00,cancelled,USD
1460,143,2024-04-02T17:50:00,completed,USD
1461,97,2024-04-02T14:46:00,cancelled,USD
1462,33,2024-04-02T10:21:00,completed,USD
1463,16,2024-04-02T18:50:00,completed,USD
1464,117,2024-04-02T21:35:00,returned,USD
1465,191,2024-04-02T16:26:00,returned,USD
1466,69,2024-04-02T22:35:00,completed,USD
1467,254,2024-04-02T16:07:00,cancelled,USD
1468,126,2024-04-02T19:18:00,completed,USD
1469,154,2024-04-02T10:44:00,returned,USD
1470,39,2024-04-02T15:47:00,shipped,USD
1471,269,2024-04-02T09:23:00,cancelled,USD
1472,163,2024-04-02T11:36:00,completed,USD
1473,278,2024-04-03T15:58:00,completed,USD
1474,27,2024-04-03T08:06:00,completed,USD
1475,241,2024-04-03T18:34:00,completed,USD
1476,288,2024-04-03T08:21:00,completed,USD
1477,241,2024-04-03T10:10:00,completed,USD
1478,97,2024-04-03T13:03:00,shipped,USD
1479,148,2024-04-03T13:39:00,completed,USD
1480,255,2024-04-03T09:25:00,completed,USD
1481,62,2024-04-03T13:08:00,returned,USD
1482,37,2024-04-03T18:08:00,returned,USD
1483,57,2024-04-03T06:26:00,returned,USD
1484,74,2024-04-03T09:55:00,completed,USD
1485,75,2024-04-03T18:22:00,completed,USD
1486,224,2024-04-03T14:00:00,completed,USD
1487,73,2024-04-03T14:11:00,completed,USD
1488,231,2024-04-03T14:53:00,completed,USD
1489,197,2024-04-03T22:41:00,completed,USD
1490,140,2024-04-03T22:51:00,returned,USD
1491,126,2024-04-03T22:58:00,returned,USD
1492,168,2024-04-03T19:36:00,returned,USD
1493,140,2024-04-03T12:40:00,cancelled,USD
1494,173,2024-04-04T21:48:00,completed,USD
1495,9,2024-04-04T08:06:00,returned,USD
1496,274,2024-04-04T08:06:00,returned,USD
1497,210,2024-04-04T14:41:00,completed,USD
1498,124,2024-04-04T21:44:00,completed,USD
1499,52,2024-04-04T22:37:00,completed,USD
1500,183,2024-04-04T11:01:00,shipped,USD
1501,141,2024-04-04T11:52:00,completed,USD
1502,108,2024-04-04T10:18:00,completed,USD
1503,222,2024-04-04T08:53:00,completed,USD
1504,273,2024-04-04T19:06:00,completed,USD
1505,38,2024-04-04T19:06:00,completed,USD
1506,169,2024-04-04T11:53:00,shipped,USD
1507,134,2024-04-05T12:59:00,cancelled,USD
1508,193,2024-04-05T20:59:00,cancelled,USD
1509,65,2024-04-05T13:47:00,completed,USD
1510,298,2024-04-05T10:03:00,returned,USD
1511,279,2024-04-05T13:34:00,completed,USD
1512,48,2024-04-05T14:21:00,completed,USD
1513,72,2024-04-05T08:33:00,completed,USD
1514,42,2024-04-05T16:29:00,returned,USD
1515,14,2024-04-05T06:55:00,returned,USD
1516,300,2024-04-05T08:44:00,completed,USD
1517,30,2024-04-05T06:46:00,returned,USD
1518,149,2024-04-05T14:10:00,completed,USD
1519,296,2024-04-05T21:18:00,cancelled,USD
1520,260,2024-04-05T20:01:00,shipped,USD
1521,134,2024-04-05T18:22:00,completed,USD
1522,63,2024-04-05T19:09:00,completed,USD
1523,296,2024-04-05T07:35:00,shipped,USD
1524,209,2024-04-05T13:26:00,completed,USD
1525,201,2024-04-06T22:07:00,completed,USD
1526,91,2024-04-06T21:31:00,cancelled,USD
1527,33,2024-04-06T14:15:00,shipped,USD
1528,152,2024-04-06T11:33:00,returned,USD
1529,189,2024-04-06T22:27:00,returned,USD
1530,150,2024-04-07T18:10:00,returned,USD
1531,175,2024-04-07T11:18:00,cancelled,USD
1532,194,2024-04-07T19:50:00,completed,USD
1533,56,2024-04-07T13:35:00,completed,USD
1534,32,2024-04-07T16:02:00,returned,USD
1535,182,2024-04-07T22:16:00,completed,USD
1536,47,2024-04-07T20:33:00,completed,USD
1537,253,2024-04-07T10:25:00,completed,USD
1538,255,2024-04-07T18:06:00,completed,USD
1539,55,2024-04-07T19:07:00,completed,USD
1540,171,2024-04-08T21:16:00,shipped,USD
1541,201,2024-04-08T17:08:00,completed,USD
1542,37,2024-04-08T22:40:00,completed,USD
1543,14,2024-04-08T10:48:00,cancelled,USD
1544,172,2024-04-08T19:04:00,completed,USD
1545,67,2024-04-08T19:47:00,cancelled,USD
1546,173,2024-04-08T21:59:00,completed,USD
1547,99,2024-04-08T22:56:00,completed,USD
1548,14,2024-04-08T10:43:00,shipped,USD
1549,282,2024-04-08T19:36:00,completed,USD
1550,218,2024-04-08T10:39:00,cancelled,USD
1551,124,2024-04-08T06:50:00,completed,USD
1552,209,2024-04-08T12:14:00,completed,USD
1553,25,2024-04-08T17:36:00,cancelled,USD
1554,294,2024-04-08T06:45:00,completed,USD
1555,193,2024-04-08T15:53:00,returned,USD
1556,290,2024-04-08T15:01:00,completed,USD
1557,73,2024-04-08T18:36:00,shipped,USD
1558,286,2024-04-08T10:25:00,shipped,USD
1559,227,2024-04-09T12:19:00,completed,USD
1560,186,2024-04-09T13:57:00,returned,USD
1561,177,2024-04-09T09:09:00,shipped,USD
1562,137,2024-04-09T18:36:00,completed,USD
1563,98,2024-04-09T16:36:00,cancelled,USD
1564,124,2024-04-09T15:54:00,cancelled,USD
1565,4,2024-04-09T22:27:00,returned,USD
1566,172,2024-04-09T07:04:00,completed,USD
1567,28,2024-04-09T19:49:00,shipped,USD
1568,211,2024-04-09T10:03:00,returned,USD
1569,145,2024-04-09T11:03:00,shipped,USD
1570,252,2024-04-09T21:59:00,returned,USD
1571,135,2024-04-09T12:12:00,completed,USD
1572,184,2024-04-09T11:12:00,returned,USD
1573,85,2024-04-09T09:05:00,returned,USD
1574,263,2024-04-09T16:08:00,returned,USD
1575,152,2024-04-09T14:37:00,completed,USD
1576,166,2024-04-09T10:55:00,completed,USD
1577,129,2024-04-09T18:30:00,completed,USD
1578,256,2024-04-09T22:10:00,returned,USD
1579,275,2024-04-09T09:40:00,completed,USD
1580,175,2024-04-09T21:50:00,returned,USD
1581,210,2024-04-09T16:14:00,completed,USD
1582,245,2024-04-10T07:25:00,returned,USD
1583,88,2024-04-10T13:40:00,completed,USD
1584,230,2024-04-10T14:25:00,completed,USD
1585,293,2024-04-10T16:36:00,completed,USD
1586,278,2024-04-10T06:10:00,completed,USD
1587,118,2024-04-10T19:46:00,returned,USD
1588,263,2024-04-10T08:41:00,cancelled,USD
1589,280,2024-04-10T20:51:00,cancelled,USD
1590,47,2024-04-10T11:15:00,completed,USD
1591,33,2024-04-10T20:31:00,returned,USD
1592,67,2024-04-10T22:36:00,completed,USD
1593,163,2024-04-10T22:00:00,returned,USD
1594,170,2024-04-10T20:36:00,returned,USD
1595,86,2024-04-10T11:49:00,completed,USD
1596,202,2024-04-10T10:22:00,completed,USD
1597,201,2024-04-10T12:34:00,completed,USD
1598,134,2024-04-10T16:11:00,completed,USD
1599,207,2024-04-10T13:55:00,cancelled,USD
1600,53,2024-04-10T22:06:00,completed,USD
1601,165,2024-04-10T15:52:00,shipped,USD
1602,39,2024-04-11T21:38:00,completed,USD
1603,187,2024-04-11T18:19:00,completed,USD
1604,56,2024-04-11T16:12:00,completed,USD
1605,188,2024-04-11T12:52:00,cancelled,USD
1606,77,2024-04-11T09:18:00,returned,USD
1607,234,2024-04-11T22:07:00,shipped,USD
1608,270,2024-04-11T17:25:00,cancelled,USD
1609,30,2024-04-11T22:26:00,completed,USD
1610,278,2024-04-11T16:46:00,returned,USD
1611,220,2024-04-11T06:08:00,completed,USD
1612,80,2024-04-11T17:40:00,completed,USD
1613,60,2024-04-11T16:04:00,completed,USD
1614,105,2024-04-11T19:35:00,returned,USD
1615,269,2024-04-11T18:24:00,cancelled,USD
1616,67,2024-04-11T22:47:00,completed,USD
1617,112,2024-04-11T09:47:00,completed,USD
1618,4,2024-04-11T15:39:00,returned,USD
1619,47,2024-04-11T13:26:00,cancelled,USD
1620,85,2024-04-11T18:33:00,shipped,USD
1621,93,2024-04-11T21:29:00,completed,USD
1622,80,2024-04-11T07:20:00,cancelled,USD
1623,196,2024-04-11T13:46:00,returned,USD
1624,226,2024-04-12T21:11:00,completed,USD
1625,102,2024-04-12T12:59:00,shipped,USD
1626,296,2024-04-12T12:47:00,cancelled,USD
1627,284,2024-04-12T10:15:00,cancelled,USD
1628,277,2024-04-12T16:35:00,completed,USD
1629,113,2024-04-12T18:18:00,completed,USD
1630,256,2024-04-12T09:11:00,cancelled,USD
1631,127,2024-04-12T20:48:00,returned,USD
1632,67,2024-04-12T06:51:00,completed,USD
1633,28,2024-04-12T12:11:00,cancelled,USD
1634,284,2024-04-12T20:33:00,shipped,USD
1635,202,2024-04-12T07:12:00,completed,USD
1636,199,2024-04-12T08:52:00,returned,USD
1637,48,2024-04-12T10:41:00,completed,USD
1638,48,2024-04-12T12:30:00,completed,USD
1639,213,2024-04-13T08:13:00,shipped,USD
1640,61,2024-04-13T20:26:00,returned,USD
1641,207,2024-04-13T10:58:00,completed,USD
1642,70,2024-04-13T16:42:00,returned,USD
1643,173,2024-04-13T06:42:00,completed,USD
1644,77,2024-04-13T11:06:00,completed,USD
1645,203,2024-04-13T22:08:00,returned,USD
1646,193,2024-04-13T06:53:00,completed,USD
1647,1,2024-04-13T17:08:00,completed,USD
1648,168,2024-04-13T17:24:00,cancelled,USD
1649,14,2024-04-13T21:59:00,completed,USD
1650,83,2024-04-13T13:35:00,shipped,USD
1651,12,2024-04-13T13:08:00,shipped,USD
1652,134,2024-04-14T06:14:00,completed,USD
1653,289,2024-04-14T20:23:00,returned,USD
1654,89,2024-04-14T14:30:00,completed,USD
1655,223,2024-04-14T09:02:00,completed,USD
1656,63,2024-04-14T12:01:00,completed,USD
1657,22,2024-04-14T06:33:00,cancelled,USD
1658,230,2024-04-14T10:37:00,completed,USD
1659,176,2024-04-14T07:29:00,returned,USD
1660,210,2024-04-14T09:15:00,shipped,USD
1661,41,2024-04-15T15:23:00,completed,USD
1662,13,2024-04-15T19:11:00,completed,USD
1663,16,2024-04-15T09:35:00,completed,USD
1664,207,2024-04-15T20:59:00,completed,USD
1665,269,2024-04-15T10:44:00,completed,USD
1666,13,2024-04-15T09:03:00,completed,USD
1667,283,2024-04-15T14:36:00,completed,USD
1668,163,2024-04-15T07:16:00,completed,USD
1669,255,2024-04-15T22:31:00,shipped,USD
1670,62,2024-04-15T18:38:00,shipped,USD
1671,249,2024-04-15T14:15:00,shipped,USD
1672,264,2024-04-15T15:37:00,returned,USD
1673,35,2024-04-15T14:10:00,returned,USD
1674,55,2024-04-15T19:03:00,completed,USD
1675,49,2024-04-15T08:15:00,cancelled,USD
1676,76,2024-04-15T08:28:00,completed,USD
1677,149,2024-04-15T22:01:00,returned,USD
1678,156,2024-04-15T10:10:00,cancelled,USD
1679,120,2024-04-16T20:32:00,cancelled,USD
1680,215,2024-04-16T16:30:00,shipped,USD
1681,195,2024-04-16T08:19:00,cancelled,USD
1682,217,2024-04-16T22:09:00,cancelled,USD
1683,133,2024-04-16T19:07:00,completed,USD
1684,284,2024-04-16T13:21:00,cancelled,USD
1685,145,2024-04-16T18:24:00,cancelled,USD
1686,232,2024-04-16T15:09:00,cancelled,USD
1687,288,2024-04-16T09:24:00,completed,USD
1688,141,2024-04-16T10:00:00,cancelled,USD
1689,117,2024-04-16T07:56:00,cancelled,USD
1690,33,2024-04-16T15:04:00,completed,USD
1691,184,2024-04-16T11:52:00,returned,USD
1692,209,2024-04-16T16:11:00,completed,USD
1693,206,2024-04-16T06:58:00,completed,USD
1694,64,2024-04-16T09:27:00,cancelled,USD
1695,206,2024-04-16T21:48:00,completed,USD
1696,22,2024-04-16T06:55:00,cancelled,USD
1697,168,2024-04-16T11:58:00,cancelled,USD
1698,203,2024-04-16T20:19:00,returned,USD
1699,70,2024-04-16T11:03:00,returned,USD
1700,32,2024-04-17T18:13:00,completed,USD
1701,29,2024-04-17T21:00:00,shipped,USD
1702,155,2024-04-17T15:33:00,completed,USD
1703,223,2024-04-17T21:26:00,shipped,USD
1704,83,2024-04-17T15:20:00,completed,USD
1705,114,2024-04-17T22:51:00,completed,USD
1706,190,2024-04-17T18:56:00,completed,USD
1707,178,2024-04-17T07:00:00,completed,USD
1708,160,2024-04-17T10:48:00,shipped,USD
1709,48,2024-04-17T22:52:00,completed,USD
1710,265,2024-04-17T21:45:00,shipped,USD
1711,229,2024-04-17T19:50:00,completed,USD
1712,105,2024-04-17T14:14:00,cancelled,USD
1713,180,2024-04-17T11:23:00,returned,USD
1714,167,2024-04-17T17:51:00,completed,USD
1715,174,2024-04-17T10:55:00,returned,USD
1716,230,2024-04-17T21:43:00,completed,USD
1717,106,2024-04-17T15:41:00,completed,USD
1718,195,2024-04-17T11:52:00,returned,USD
1719,7,2024-04-17T07:51:00,returned,USD
1720,22,2024-04-17T16:45:00,completed,USD
1721,280,2024-04-17T10:17:00,cancelled,USD
1722,264,2024-04-17T18:28:00,completed,USD
1723,135,2024-04-18T07:52:00,shipped,USD
1724,112,2024-04-18T09:00:00,shipped,USD
1725,131,2024-04-18T18:51:00,cancelled,USD
1726,246,2024-04-18T14:53:00,completed,USD
1727,130,2024-04-18T14:08:00,completed,USD
1728,267,2024-04-18T13:36:00,completed,USD
1729,256,2024-04-18T18:58:00,completed,USD
1730,26,2024-04-18T12:10:00,returned,USD
1731,90,2024-04-18T06:04:00,completed,USD
1732,198,2024-04-18T06:35:00,completed,USD
1733,191,2024-04-18T08:18:00,shipped,USD
1734,284,2024-04-18T16:41:00,completed,USD
1735,142,2024-04-18T10:12:00,shipped,USD
1736,9,2024-04-18T18:58:00,shipped,USD
1737,195,2024-04-18T08:21:00,shipped,USD
1738,224,2024-04-18T18:27:00,shipped,USD
1739,45,2024-04-18T08:45:00,returned,USD
1740,138,2024-04-19T21:02:00,cancelled,USD
1741,221,2024-04-19T12:18:00,shipped,USD
1742,82,2024-04-19T20:50:00,shipped,USD
1743,222,2024-04-19T22:57:00,cancelled,USD
1744,38,2024-04-19T06:23:00,completed,USD
1745,65,2024-04-19T08:08:00,completed,USD
1746,41,2024-04-19T06:48:00,cancelled,USD
1747,61,2024-04-19T21:29:00,shipped,USD
1748,50,2024-04-19T10:17:00,cancelled,USD
1749,207,2024-04-19T19:17:00,completed,USD
1750,39,2024-04-19T07:51:00,shipped,USD
1751,151,2024-04-19T21:53:00,completed,USD
1752,65,2024-04-19T10:08:00,completed,USD
1753,113,2024-04-19T16:26:00,returned,USD
1754,258,2024-04-19T16:56:00,completed,USD
1755,232,2024-04-19T08:08:00,completed,USD
1756,31,2024-04-19T09:36:00,completed,USD
1757,162,2024-04-19T19:05:00,completed,USD
1758,226,2024-04-19T10:12:00,completed,USD
1759,161,2024-04-20T06:00:00,returned,USD
1760,117,2024-04-20T10:51:00,returned,USD
1761,60,2024-04-20T08:39:00,shipped,USD
1762,110,2024-04-20T08:02:00,returned,USD
1763,36,2024-04-20T15:13:00,shipped,USD
1764,272,2024-04-20T18:55:00,completed,USD
1765,113,2024-04-20T14:57:00,returned,USD
1766,196,2024-04-20T15:25:00,returned,USD
1767,228,2024-04-20T07:25:00,completed,USD
1768,290,2024-04-20T06:38:00,completed,USD
1769,22,2024-04-21T15:46:00,shipped,USD
1770,120,2024-04-21T08:06:00,completed,USD
1771,28,2024-04-21T11:10:00,returned,USD
1772,190,2024-04-21T16:52:00,completed,USD
1773,290,2024-04-21T07:00:00,completed,USD
1774,110,2024-04-22T11:58:00,returned,USD
1775,145,2024-04-22T21:06:00,completed,USD
1776,119,2024-04-22T08:03:00,returned,USD
1777,111,2024-04-22T06:13:00,completed,USD
1778,65,2024-04-22T12:27:00,completed,USD
1779,33,2024-04-22T15:40:00,completed,USD
1780,90,2024-04-22T17:22:00,cancelled,USD
1781,186,2024-04-22T08:02:00,shipped,USD
1782,296,2024-04-22T06:25:00,completed,USD
1783,246,2024-04-22T14:44:00,cancelled,USD
1784,298,2024-04-22T17:55:00,returned,USD
1785,81,2024-04-22T16:00:00,completed,USD
1786,253,2024-04-22T18:20:00,completed,USD
1787,299,2024-04-22T11:42:00,completed,USD
1788,8,2024-04-22T07:36:00,returned,USD
1789,183,2024-04-22T06:40:00,completed,USD
1790,4,2024-04-22T16:59:00,completed,USD
1791,217,2024-04-22T11:25:00,completed,USD
1792,92,2024-04-23T10:29:00,completed,USD
1793,65,2024-04-23T20:07:00,completed,USD
1794,116,2024-04-23T06:11:00,returned,USD
1795,88,2024-04-23T17:58:00,completed,USD
1796,3,2024-04-23T17:36:00,returned,USD
1797,258,2024-04-23T12:34:00,shipped,USD
1798,238,2024-04-23T21:10:00,returned,USD
1799,23,2024-04-23T07:48:00,returned,USD
1800,281,2024-04-23T10:32:00,shipped,USD
1801,245,2024-04-23T06:03:00,completed,USD
1802,118,2024-04-23T10:03:00,completed,USD
1803,57,2024-04-23T19:23:00,completed,USD
1804,66,2024-04-23T12:03:00,completed,USD
1805,184,2024-04-23T09:15:00,completed,USD
1806,25,2024-04-23T14:25:00,shipped,USD
1807,119,2024-04-23T20:29:00,shipped,USD
1808,83,2024-04-23T08:26:00,cancelled,USD
1809,21,2024-04-23T22:13:00,completed,USD
1810,127,2024-04-23T14:04:00,returned,USD
1811,188,2024-04-23T17:53:00,shipped,USD
1812,293,2024-04-23T18:23:00,cancelled,USD
1813,221,2024-04-23T12:43:00,shipped,USD
1814,193,2024-04-23T20:12:00,completed,USD
1815,152,2024-04-24T14:13:00,completed,USD
1816,263,2024-04-24T07:34:00,returned,USD
1817,44,2024-04-24T18:16:00,returned,USD
1818,145,2024-04-24T11:56:00,shipped,USD
1819,18,2024-04-24T13:04:00,returned,USD
1820,256,2024-04-24T06:23:00,shipped,USD
1821,170,2024-04-24T18:37:00,shipped,USD
1822,242,2024-04-24T18:24:00,completed,USD
1823,275,2024-04-24T06:36:00,returned,USD
1824,74,2024-04-24T17:36:00,completed,USD
1825,61,2024-04-24T11:24:00,completed,USD
1826,136,2024-04-24T12:15:00,returned,USD
1827,110,2024-04-24T07:28:00,returned,USD
1828,86,2024-04-24T09:05:00,completed,USD
1829,144,2024-04-25T11:27:00,returned,USD
1830,271,2024-04-25T16:56:00,shipped,USD
1831,221,2024-04-25T16:26:00,shipped,USD
1832,24,2024-04-25T17:52:00,returned,USD
1833,167,2024-04-25T22:42:00,returned,USD
1834,248,2024-04-25T11:46:00,returned,USD
1835,62,2024-04-25T06:38:00,shipped,USD
1836,254,2024-04-25T07:12:00,completed,USD
1837,178,2024-04-25T10:33:00,completed,USD
1838,66,2024-04-25T17:39:00,returned,USD
1839,117,2024-04-25T12:57:00,returned,USD
1840,182,2024-04-25T10:14:00,completed,USD
1841,262,2024-04-25T18:38:00,completed,USD
1842,80,2024-04-25T09:22:00,shipped,USD
1843,253,2024-04-25T19:59:00,returned,USD
1844,75,2024-04-25T12:44:00,completed,USD
1845,150,2024-04-25T10:22:00,completed,USD
1846,208,2024-04-25T18:11:00,completed,USD
1847,35,2024-04-26T09:34:00,returned,USD
1848,142,2024-04-26T13:00:00,completed,USD
1849,37,2024-04-26T18:11:00,completed,USD
1850,33,2024-04-26T14:50:00,completed,USD
1851,138,2024-04-26T08:36:00,completed,USD
1852,109,2024-04-26T16:28:00,cancelled,USD
1853,37,2024-04-26T21:06:00,cancelled,USD
1854,104,2024-04-26T13:48:00,cancelled,USD
1855,243,2024-04-26T08:10:00,completed,USD
1856,174,2024-04-26T22:34:00,returned,USD
1857,104,2024-04-26T08:40:00,completed,USD
1858,24,2024-04-26T09:37:00,completed,USD
1859,249,2024-04-26T14:18:00,shipped,USD
1860,157,2024-04-26T19:31:00,completed,USD
1861,178,2024-04-26T07:16:00,shipped,USD
1862,102,2024-04-26T18:17:00,completed,USD
1863,195,2024-04-27T16:13:00,completed,USD
1864,239,2024-04-27T06:11:00,returned,USD
1865,219,2024-04-27T13:05:00,completed,USD
1866,202,2024-04-27T15:26:00,completed,USD
1867,157,2024-04-27T09:25:00,cancelled,USD
1868,142,2024-04-27T20:18:00,cancelled,USD
1869,288,2024-04-27T10:14:00,completed,USD
1870,216,2024-04-27T21:46:00,completed,USD
1871,139,2024-04-27T13:10:00,completed,USD
1872,67,2024-04-27T11:07:00,completed,USD
1873,190,2024-04-27T21:51:00,completed,USD
1874,155,2024-04-27T19:54:00,completed,USD
1875,73,2024-04-27T17:06:00,returned,USD
1876,183,2024-04-28T18:12:00,cancelled,USD
1877,112,2024-04-28T14:45:00,completed,USD
1878,44,2024-04-28T13:59:00,completed,USD
1879,70,2024-04-28T13:12:00,completed,USD
1880,155,2024-04-28T20:45:00,completed,USD
1881,292,2024-04-28T18:48:00,completed,USD
1882,250,2024-04-28T15:04:00,shipped,USD
1883,84,2024-04-28T14:27:00,completed,USD
1884,120,2024-04-28T10:01:00,completed,USD
1885,6,2024-04-28T06:14:00,completed,USD
1886,220,2024-04-29T17:59:00,shipped,USD
1887,245,2024-04-29T17:48:00,cancelled,USD
1888,89,2024-04-29T14:52:00,completed,USD
1889,298,2024-04-29T06:05:00,returned,USD
1890,133,2024-04-29T20:46:00,returned,USD
1891,165,2024-04-29T19:06:00,completed,USD
1892,117,2024-04-29T20:09:00,cancelled,USD
1893,198,2024-04-29T15:45:00,shipped,USD
1894,294,2024-04-29T11:06:00,completed,USD
1895,263,2024-04-29T13:44:00,completed,USD
1896,233,2024-04-29T21:18:00,completed,USD
1897,78,2024-04-29T09:37:00,completed,USD
1898,90,2024-04-29T21:24:00,completed,USD
1899,77,2024-04-29T09:24:00,completed,USD
1900,196,2024-04-29T12:47:00,completed,USD
1901,104,2024-04-29T15:19:00,completed,USD
1902,139,2024-04-29T06:51:00,shipped,USD
1903,179,2024-04-29T16:12:00,completed,USD
1904,213,2024-04-29T14:11:00,completed,USD
1905,42,2024-04-29T17:34:00,shipped,USD
1906,15,2024-04-29T17:36:00,returned,USD
1907,211,2024-04-29T07:09:00,completed,USD
1908,210,2024-04-29T15:42:00,completed,USD
1909,9999,2024-04-29T12:00:00,completed,USD
